Timestamp,ParticipantID,Condition,Handedness,TrialID,PhraseID,EventType,EventData,ClientTimestamp
2026-01-18T00:52:33.590023+09:00,debug-AM04,Proposed,R,1,442,system,test_started,1768665139422
2026-01-18T00:52:33.590046+09:00,debug-AM04,Proposed,R,1,442,keydown,"{'key': 's', 'code': 'KeyS'}",1768665141991
2026-01-18T00:52:33.590056+09:00,debug-AM04,Proposed,R,1,442,prediction_update,"{'count': 3, 'top': 's'}",1768665142037
2026-01-18T00:52:33.590062+09:00,debug-AM04,Proposed,R,1,442,keydown,"{'key': 'p', 'code': 'KeyP'}",1768665142378
2026-01-18T00:52:33.590067+09:00,debug-AM04,Proposed,R,1,442,prediction_update,"{'count': 3, 'top': 'xp'}",1768665142405
2026-01-18T00:52:33.590072+09:00,debug-AM04,Proposed,R,1,442,keydown,"{'key': 'i', 'code': 'KeyI'}",1768665142993
2026-01-18T00:52:33.590078+09:00,debug-AM04,Proposed,R,1,442,prediction_update,"{'count': 6, 'top': 'spi'}",1768665143052
2026-01-18T00:52:33.590083+09:00,debug-AM04,Proposed,R,1,442,keydown,"{'key': 'o', 'code': 'KeyO'}",1768665143428
2026-01-18T00:52:33.590088+09:00,debug-AM04,Proposed,R,1,442,prediction_update,"{'count': 10, 'top': 'spil'}",1768665143498
2026-01-18T00:52:33.590093+09:00,debug-AM04,Proposed,R,1,442,keydown,"{'key': 'o', 'code': 'KeyO'}",1768665143593
2026-01-18T00:52:33.590098+09:00,debug-AM04,Proposed,R,1,442,prediction_update,"{'count': 10, 'top': 'spill'}",1768665143622
2026-01-18T00:52:33.590103+09:00,debug-AM04,Proposed,R,1,442,keydown,"{'key': 'Backspace', 'code': 'Backspace'}",1768665149297
2026-01-18T00:52:33.590109+09:00,debug-AM04,Proposed,R,1,442,prediction_update,"{'count': 10, 'top': 'spil'}",1768665149343
2026-01-18T00:52:33.590114+09:00,debug-AM04,Proposed,R,1,442,keydown,"{'key': 'Enter', 'code': 'Enter'}",1768665153513
2026-01-18T00:52:33.590118+09:00,debug-AM04,Proposed,R,1,442,confirm,{'word': 'spil'},1768665153513
2026-01-18T00:52:36.175013+09:00,debug-AM04,Proposed,R,1,442,keydown,"{'key': 'Backspace', 'code': 'Backspace'}",1768665156166
2026-01-18T00:52:36.175035+09:00,debug-AM04,Proposed,R,1,442,undo,{'removed_word': 'spil'},1768665156166
2026-01-18T00:52:50.599356+09:00,debug-AM04,Proposed,R,1,442,keydown,"{'key': 's', 'code': 'KeyS'}",1768665160248
2026-01-18T00:52:50.599382+09:00,debug-AM04,Proposed,R,1,442,prediction_update,"{'count': 3, 'top': 's'}",1768665160293
2026-01-18T00:52:50.599389+09:00,debug-AM04,Proposed,R,1,442,keydown,"{'key': 'p', 'code': 'KeyP'}",1768665161174
2026-01-18T00:52:50.599395+09:00,debug-AM04,Proposed,R,1,442,keydown,"{'key': 'o', 'code': 'KeyO'}",1768665161175
2026-01-18T00:52:50.599400+09:00,debug-AM04,Proposed,R,1,442,prediction_update,"{'count': 3, 'top': 'xp'}",1768665161221
2026-01-18T00:52:50.599405+09:00,debug-AM04,Proposed,R,1,442,prediction_update,"{'count': 6, 'top': 'spl'}",1768665161222
2026-01-18T00:52:50.599410+09:00,debug-AM04,Proposed,R,1,442,keydown,"{'key': 'i', 'code': 'KeyI'}",1768665161413
2026-01-18T00:52:50.599415+09:00,debug-AM04,Proposed,R,1,442,prediction_update,"{'count': 10, 'top': 'spli'}",1768665161442
2026-01-18T00:52:50.599420+09:00,debug-AM04,Proposed,R,1,442,keydown,"{'key': 'o', 'code': 'KeyO'}",1768665161818
2026-01-18T00:52:50.599425+09:00,debug-AM04,Proposed,R,1,442,prediction_update,"{'count': 10, 'top': 'spoil'}",1768665161873
2026-01-18T00:52:50.599429+09:00,debug-AM04,Proposed,R,1,442,keydown,"{'key': 'o', 'code': 'KeyO'}",1768665161968
2026-01-18T00:52:50.599434+09:00,debug-AM04,Proposed,R,1,442,prediction_update,"{'count': 10, 'top': 'spoilo'}",1768665161999
2026-01-18T00:52:50.599439+09:00,debug-AM04,Proposed,R,1,442,keydown,"{'key': 'Backspace', 'code': 'Backspace'}",1768665163664
2026-01-18T00:52:50.599444+09:00,debug-AM04,Proposed,R,1,442,prediction_update,"{'count': 10, 'top': 'spoil'}",1768665163709
2026-01-18T00:52:50.599449+09:00,debug-AM04,Proposed,R,1,442,keydown,"{'key': 'Backspace', 'code': 'Backspace'}",1768665164578
2026-01-18T00:52:50.599454+09:00,debug-AM04,Proposed,R,1,442,prediction_update,"{'count': 10, 'top': 'spli'}",1768665164625
2026-01-18T00:52:50.599459+09:00,debug-AM04,Proposed,R,1,442,keydown,"{'key': 'Backspace', 'code': 'Backspace'}",1768665164864
2026-01-18T00:52:50.599464+09:00,debug-AM04,Proposed,R,1,442,prediction_update,"{'count': 6, 'top': 'spl'}",1768665164908
2026-01-18T00:52:50.599468+09:00,debug-AM04,Proposed,R,1,442,keydown,"{'key': 'Backspace', 'code': 'Backspace'}",1768665165434
2026-01-18T00:52:50.599473+09:00,debug-AM04,Proposed,R,1,442,prediction_update,"{'count': 3, 'top': 'xp'}",1768665165478
2026-01-18T00:52:50.599478+09:00,debug-AM04,Proposed,R,1,442,keydown,"{'key': 'i', 'code': 'KeyI'}",1768665166498
2026-01-18T00:52:50.599482+09:00,debug-AM04,Proposed,R,1,442,prediction_update,"{'count': 6, 'top': 'spi'}",1768665166528
2026-01-18T00:52:50.599487+09:00,debug-AM04,Proposed,R,1,442,keydown,"{'key': 'o', 'code': 'KeyO'}",1768665167248
2026-01-18T00:52:50.599491+09:00,debug-AM04,Proposed,R,1,442,prediction_update,"{'count': 10, 'top': 'spil'}",1768665167279
2026-01-18T00:52:50.599496+09:00,debug-AM04,Proposed,R,1,442,keydown,"{'key': 'Enter', 'code': 'Enter'}",1768665170581
2026-01-18T00:52:50.599501+09:00,debug-AM04,Proposed,R,1,442,confirm,{'word': 'spil'},1768665170582
2026-01-18T00:52:55.422784+09:00,debug-AM04,Proposed,R,1,442,keydown,"{'key': 'Enter', 'code': 'Enter'}",1768665172711
2026-01-18T00:52:55.422802+09:00,debug-AM04,Proposed,R,1,442,keydown,"{'key': 'Backspace', 'code': 'Backspace'}",1768665175486
2026-01-18T00:52:55.422809+09:00,debug-AM04,Proposed,R,1,442,undo,{'removed_word': 'spil'},1768665175486
2026-01-18T00:53:00.523118+09:00,debug-AM04,Proposed,R,1,442,keydown,"{'key': 's', 'code': 'KeyS'}",1768665176206
2026-01-18T00:53:00.523141+09:00,debug-AM04,Proposed,R,1,442,prediction_update,"{'count': 3, 'top': 's'}",1768665176250
2026-01-18T00:53:00.523148+09:00,debug-AM04,Proposed,R,1,442,keydown,"{'key': 'p', 'code': 'KeyP'}",1768665177148
2026-01-18T00:53:00.523154+09:00,debug-AM04,Proposed,R,1,442,prediction_update,"{'count': 3, 'top': 'xp'}",1768665177177
2026-01-18T00:53:00.523160+09:00,debug-AM04,Proposed,R,1,442,keydown,"{'key': 'i', 'code': 'KeyI'}",1768665177404
2026-01-18T00:53:00.523165+09:00,debug-AM04,Proposed,R,1,442,prediction_update,"{'count': 6, 'top': 'spi'}",1768665177431
2026-01-18T00:53:00.523170+09:00,debug-AM04,Proposed,R,1,442,keydown,"{'key': 'o', 'code': 'KeyO'}",1768665177958
2026-01-18T00:53:00.523176+09:00,debug-AM04,Proposed,R,1,442,prediction_update,"{'count': 10, 'top': 'spil'}",1768665177986
2026-01-18T00:53:00.523181+09:00,debug-AM04,Proposed,R,1,442,keydown,"{'key': 'o', 'code': 'KeyO'}",1768665178124
2026-01-18T00:53:00.523186+09:00,debug-AM04,Proposed,R,1,442,prediction_update,"{'count': 10, 'top': 'spill'}",1768665178153
2026-01-18T00:53:00.523191+09:00,debug-AM04,Proposed,R,1,442,keydown,"{'key': 'Enter', 'code': 'Enter'}",1768665180587
2026-01-18T00:53:00.523196+09:00,debug-AM04,Proposed,R,1,442,confirm,{'word': 'spill'},1768665180587
2026-01-18T00:53:13.682737+09:00,debug-AM04,Proposed,R,1,442,keydown,"{'key': 'd', 'code': 'KeyD'}",1768665190503
2026-01-18T00:53:13.682768+09:00,debug-AM04,Proposed,R,1,442,prediction_update,"{'count': 3, 'top': 'c'}",1768665190551
2026-01-18T00:53:13.682776+09:00,debug-AM04,Proposed,R,1,442,keydown,"{'key': 'o', 'code': 'KeyO'}",1768665191054
2026-01-18T00:53:13.682782+09:00,debug-AM04,Proposed,R,1,442,prediction_update,"{'count': 6, 'top': 'do'}",1768665191082
2026-01-18T00:53:13.682788+09:00,debug-AM04,Proposed,R,1,442,keydown,"{'key': 'f', 'code': 'KeyF'}",1768665191476
2026-01-18T00:53:13.682794+09:00,debug-AM04,Proposed,R,1,442,prediction_update,"{'count': 10, 'top': 'dog'}",1768665191502
2026-01-18T00:53:13.682799+09:00,debug-AM04,Proposed,R,1,442,keydown,"{'key': 'f', 'code': 'KeyF'}",1768665191671
2026-01-18T00:53:13.682805+09:00,debug-AM04,Proposed,R,1,442,prediction_update,"{'count': 10, 'top': 'dort'}",1768665191698
2026-01-18T00:53:13.682810+09:00,debug-AM04,Proposed,R,1,442,keydown,"{'key': 'd', 'code': 'KeyD'}",1768665191865
2026-01-18T00:53:13.682815+09:00,debug-AM04,Proposed,R,1,442,prediction_update,"{'count': 10, 'top': 'corte'}",1768665191893
2026-01-18T00:53:13.682821+09:00,debug-AM04,Proposed,R,1,442,keydown,"{'key': 'd', 'code': 'KeyD'}",1768665192031
2026-01-18T00:53:13.682826+09:00,debug-AM04,Proposed,R,1,442,prediction_update,"{'count': 10, 'top': 'coffee'}",1768665192063
2026-01-18T00:53:13.682831+09:00,debug-AM04,Proposed,R,1,442,keydown,"{'key': 'Enter', 'code': 'Enter'}",1768665193619
2026-01-18T00:53:13.682836+09:00,debug-AM04,Proposed,R,1,442,confirm,{'word': 'coffee'},1768665193619
2026-01-18T00:53:16.417671+09:00,debug-AM04,Proposed,R,1,442,keydown,"{'key': 'o', 'code': 'KeyO'}",1768665195313
2026-01-18T00:53:16.417696+09:00,debug-AM04,Proposed,R,1,442,prediction_update,"{'count': 2, 'top': 'o'}",1768665195360
2026-01-18T00:53:16.417703+09:00,debug-AM04,Proposed,R,1,442,keydown,"{'key': 'u', 'code': 'KeyU'}",1768665195511
2026-01-18T00:53:16.417709+09:00,debug-AM04,Proposed,R,1,442,prediction_update,"{'count': 10, 'top': 'on'}",1768665195540
2026-01-18T00:53:16.417715+09:00,debug-AM04,Proposed,R,1,442,keydown,"{'key': 'Enter', 'code': 'Enter'}",1768665196348
2026-01-18T00:53:16.417720+09:00,debug-AM04,Proposed,R,1,442,confirm,{'word': 'on'},1768665196348
2026-01-18T00:53:19.141395+09:00,debug-AM04,Proposed,R,1,442,keydown,"{'key': 'f', 'code': 'KeyF'}",1768665198301
2026-01-18T00:53:19.141422+09:00,debug-AM04,Proposed,R,1,442,prediction_update,"{'count': 6, 'top': 'g'}",1768665198348
2026-01-18T00:53:19.141429+09:00,debug-AM04,Proposed,R,1,442,keydown,"{'key': 'u', 'code': 'KeyU'}",1768665198524
2026-01-18T00:53:19.141435+09:00,debug-AM04,Proposed,R,1,442,prediction_update,"{'count': 10, 'top': 'by'}",1768665198550
2026-01-18T00:53:19.141440+09:00,debug-AM04,Proposed,R,1,442,keydown,"{'key': 'd', 'code': 'KeyD'}",1768665198631
2026-01-18T00:53:19.141445+09:00,debug-AM04,Proposed,R,1,442,prediction_update,"{'count': 10, 'top': 'the'}",1768665198662
2026-01-18T00:53:19.141450+09:00,debug-AM04,Proposed,R,1,442,keydown,"{'key': 'Enter', 'code': 'Enter'}",1768665199109
2026-01-18T00:53:19.141455+09:00,debug-AM04,Proposed,R,1,442,confirm,{'word': 'the'},1768665199109
2026-01-18T00:53:22.827219+09:00,debug-AM04,Proposed,R,1,442,keydown,"{'key': 'd', 'code': 'KeyD'}",1768665200355
2026-01-18T00:53:22.827247+09:00,debug-AM04,Proposed,R,1,442,prediction_update,"{'count': 3, 'top': 'c'}",1768665200396
2026-01-18T00:53:22.827256+09:00,debug-AM04,Proposed,R,1,442,keydown,"{'key': 'a', 'code': 'KeyA'}",1768665200525
2026-01-18T00:53:22.827262+09:00,debug-AM04,Proposed,R,1,442,prediction_update,"{'count': 9, 'top': 'da'}",1768665200553
2026-01-18T00:53:22.827268+09:00,debug-AM04,Proposed,R,1,442,keydown,"{'key': 'f', 'code': 'KeyF'}",1768665200762
2026-01-18T00:53:22.827273+09:00,debug-AM04,Proposed,R,1,442,prediction_update,"{'count': 10, 'top': 'car'}",1768665200788
2026-01-18T00:53:22.827278+09:00,debug-AM04,Proposed,R,1,442,keydown,"{'key': 'p', 'code': 'KeyP'}",1768665201360
2026-01-18T00:53:22.827284+09:00,debug-AM04,Proposed,R,1,442,keydown,"{'key': 'o', 'code': 'KeyO'}",1768665201362
2026-01-18T00:53:22.827289+09:00,debug-AM04,Proposed,R,1,442,prediction_update,"{'count': 10, 'top': 'carp'}",1768665201442
2026-01-18T00:53:22.827294+09:00,debug-AM04,Proposed,R,1,442,prediction_update,"{'count': 10, 'top': 'carpo'}",1768665201443
2026-01-18T00:53:22.827300+09:00,debug-AM04,Proposed,R,1,442,keydown,"{'key': 'd', 'code': 'KeyD'}",1768665201481
2026-01-18T00:53:22.827304+09:00,debug-AM04,Proposed,R,1,442,prediction_update,"{'count': 10, 'top': 'earpod'}",1768665201528
2026-01-18T00:53:22.827309+09:00,debug-AM04,Proposed,R,1,442,keydown,"{'key': 'f', 'code': 'KeyF'}",1768665201752
2026-01-18T00:53:22.827314+09:00,debug-AM04,Proposed,R,1,442,prediction_update,"{'count': 10, 'top': 'carplet'}",1768665201799
2026-01-18T00:53:22.827319+09:00,debug-AM04,Proposed,R,1,442,keydown,"{'key': 'Enter', 'code': 'Enter'}",1768665202784
2026-01-18T00:53:22.827324+09:00,debug-AM04,Proposed,R,1,442,confirm,{'word': 'carplet'},1768665202784
2026-01-18T00:53:24.294777+09:00,debug-AM04,Proposed,R,1,442,keydown,"{'key': 'Backspace', 'code': 'Backspace'}",1768665204253
2026-01-18T00:53:24.294817+09:00,debug-AM04,Proposed,R,1,442,undo,{'removed_word': 'carplet'},1768665204253
2026-01-18T00:53:28.963664+09:00,debug-AM04,Proposed,R,1,442,keydown,"{'key': 'd', 'code': 'KeyD'}",1768665205216
2026-01-18T00:53:28.963689+09:00,debug-AM04,Proposed,R,1,442,prediction_update,"{'count': 3, 'top': 'c'}",1768665205270
2026-01-18T00:53:28.963696+09:00,debug-AM04,Proposed,R,1,442,keydown,"{'key': 'a', 'code': 'KeyA'}",1768665205861
2026-01-18T00:53:28.963701+09:00,debug-AM04,Proposed,R,1,442,prediction_update,"{'count': 9, 'top': 'da'}",1768665205887
2026-01-18T00:53:28.963707+09:00,debug-AM04,Proposed,R,1,442,keydown,"{'key': 'f', 'code': 'KeyF'}",1768665206326
2026-01-18T00:53:28.963713+09:00,debug-AM04,Proposed,R,1,442,prediction_update,"{'count': 10, 'top': 'car'}",1768665206353
2026-01-18T00:53:28.963718+09:00,debug-AM04,Proposed,R,1,442,keydown,"{'key': 'p', 'code': 'KeyP'}",1768665207074
2026-01-18T00:53:28.963723+09:00,debug-AM04,Proposed,R,1,442,keydown,"{'key': 'o', 'code': 'KeyO'}",1768665207092
2026-01-18T00:53:28.963728+09:00,debug-AM04,Proposed,R,1,442,prediction_update,"{'count': 10, 'top': 'carpo'}",1768665207121
2026-01-18T00:53:28.963733+09:00,debug-AM04,Proposed,R,1,442,prediction_update,"{'count': 10, 'top': 'carp'}",1768665207122
2026-01-18T00:53:28.963738+09:00,debug-AM04,Proposed,R,1,442,keydown,"{'key': 'd', 'code': 'KeyD'}",1768665207241
2026-01-18T00:53:28.963743+09:00,debug-AM04,Proposed,R,1,442,prediction_update,"{'count': 10, 'top': 'earpod'}",1768665207270
2026-01-18T00:53:28.963748+09:00,debug-AM04,Proposed,R,1,442,keydown,"{'key': 'f', 'code': 'KeyF'}",1768665207616
2026-01-18T00:53:28.963753+09:00,debug-AM04,Proposed,R,1,442,prediction_update,"{'count': 10, 'top': 'carplet'}",1768665207646
2026-01-18T00:53:28.963757+09:00,debug-AM04,Proposed,R,1,442,keydown,"{'key': 'Enter', 'code': 'Enter'}",1768665208875
2026-01-18T00:53:28.963762+09:00,debug-AM04,Proposed,R,1,442,confirm,{'word': 'carplet'},1768665208875
2026-01-18T00:53:30.720919+09:00,debug-AM04,Proposed,R,1,442,keydown,"{'key': 'Backspace', 'code': 'Backspace'}",1768665210690
2026-01-18T00:53:30.720939+09:00,debug-AM04,Proposed,R,1,442,undo,{'removed_word': 'carplet'},1768665210690
2026-01-18T00:53:35.425894+09:00,debug-AM04,Proposed,R,1,442,keydown,"{'key': 'd', 'code': 'KeyD'}",1768665212386
2026-01-18T00:53:35.425915+09:00,debug-AM04,Proposed,R,1,442,prediction_update,"{'count': 3, 'top': 'c'}",1768665212430
2026-01-18T00:53:35.425921+09:00,debug-AM04,Proposed,R,1,442,keydown,"{'key': 'a', 'code': 'KeyA'}",1768665212701
2026-01-18T00:53:35.425927+09:00,debug-AM04,Proposed,R,1,442,prediction_update,"{'count': 9, 'top': 'da'}",1768665212737
2026-01-18T00:53:35.425932+09:00,debug-AM04,Proposed,R,1,442,keydown,"{'key': 'f', 'code': 'KeyF'}",1768665213060
2026-01-18T00:53:35.425936+09:00,debug-AM04,Proposed,R,1,442,prediction_update,"{'count': 10, 'top': 'car'}",1768665213086
2026-01-18T00:53:35.425941+09:00,debug-AM04,Proposed,R,1,442,keydown,"{'key': 'p', 'code': 'KeyP'}",1768665213419
2026-01-18T00:53:35.425946+09:00,debug-AM04,Proposed,R,1,442,prediction_update,"{'count': 10, 'top': 'carp'}",1768665213446
2026-01-18T00:53:35.425951+09:00,debug-AM04,Proposed,R,1,442,keydown,"{'key': 'o', 'code': 'KeyO'}",1768665213478
2026-01-18T00:53:35.425956+09:00,debug-AM04,Proposed,R,1,442,prediction_update,"{'count': 10, 'top': 'carpo'}",1768665213508
2026-01-18T00:53:35.425960+09:00,debug-AM04,Proposed,R,1,442,keydown,"{'key': 'd', 'code': 'KeyD'}",1768665213706
2026-01-18T00:53:35.425965+09:00,debug-AM04,Proposed,R,1,442,prediction_update,"{'count': 10, 'top': 'earpod'}",1768665213734
2026-01-18T00:53:35.425970+09:00,debug-AM04,Proposed,R,1,442,keydown,"{'key': 'f', 'code': 'KeyF'}",1768665214562
2026-01-18T00:53:35.425975+09:00,debug-AM04,Proposed,R,1,442,prediction_update,"{'count': 10, 'top': 'carplet'}",1768665214591
2026-01-18T00:53:35.425980+09:00,debug-AM04,Proposed,R,1,442,keydown,"{'key': 'Enter', 'code': 'Enter'}",1768665215369
2026-01-18T00:53:35.425985+09:00,debug-AM04,Proposed,R,1,442,confirm,{'word': 'carplet'},1768665215369
2026-01-18T00:53:37.455166+09:00,debug-AM04,Proposed,R,1,442,keydown,"{'key': 'Backspace', 'code': 'Backspace'}",1768665217471
2026-01-18T00:53:37.455185+09:00,debug-AM04,Proposed,R,1,442,undo,{'removed_word': 'carplet'},1768665217471
2026-01-18T00:53:43.270518+09:00,debug-AM04,Proposed,R,1,442,keydown,"{'key': 'd', 'code': 'KeyD'}",1768665218460
2026-01-18T00:53:43.270543+09:00,debug-AM04,Proposed,R,1,442,prediction_update,"{'count': 3, 'top': 'c'}",1768665218506
2026-01-18T00:53:43.270550+09:00,debug-AM04,Proposed,R,1,442,keydown,"{'key': 'a', 'code': 'KeyA'}",1768665218910
2026-01-18T00:53:43.270556+09:00,debug-AM04,Proposed,R,1,442,prediction_update,"{'count': 9, 'top': 'da'}",1768665218939
2026-01-18T00:53:43.270562+09:00,debug-AM04,Proposed,R,1,442,keydown,"{'key': 'f', 'code': 'KeyF'}",1768665220156
2026-01-18T00:53:43.270567+09:00,debug-AM04,Proposed,R,1,442,prediction_update,"{'count': 10, 'top': 'car'}",1768665220182
2026-01-18T00:53:43.270573+09:00,debug-AM04,Proposed,R,1,442,keydown,"{'key': 'p', 'code': 'KeyP'}",1768665220663
2026-01-18T00:53:43.270578+09:00,debug-AM04,Proposed,R,1,442,prediction_update,"{'count': 10, 'top': 'carp'}",1768665220691
2026-01-18T00:53:43.270583+09:00,debug-AM04,Proposed,R,1,442,keydown,"{'key': 'd', 'code': 'KeyD'}",1768665221221
2026-01-18T00:53:43.270588+09:00,debug-AM04,Proposed,R,1,442,prediction_update,"{'count': 10, 'top': 'carpe'}",1768665221265
2026-01-18T00:53:43.270593+09:00,debug-AM04,Proposed,R,1,442,keydown,"{'key': 'f', 'code': 'KeyF'}",1768665221506
2026-01-18T00:53:43.270598+09:00,debug-AM04,Proposed,R,1,442,prediction_update,"{'count': 10, 'top': 'carpet'}",1768665221578
2026-01-18T00:53:43.270602+09:00,debug-AM04,Proposed,R,1,442,keydown,"{'key': 'Enter', 'code': 'Enter'}",1768665223274
2026-01-18T00:53:43.270608+09:00,debug-AM04,Proposed,R,1,442,confirm,{'word': 'carpet'},1768665223274
2026-01-18T00:53:45.354248+09:00,debug-AM04,Proposed,R,2,442,system,phrase_completed,1768665223335
2026-01-18T00:53:45.354273+09:00,debug-AM04,Proposed,R,2,442,system,next_phrase_clicked,1768665225350
2026-01-18T00:53:53.614263+09:00,debug-AM04,Proposed,R,2,227,keydown,"{'key': 'f', 'code': 'KeyF'}",1768665229024
2026-01-18T00:53:53.614291+09:00,debug-AM04,Proposed,R,2,227,prediction_update,"{'count': 6, 'top': 'g'}",1768665229067
2026-01-18T00:53:53.614298+09:00,debug-AM04,Proposed,R,2,227,keydown,"{'key': 'i', 'code': 'KeyI'}",1768665229288
2026-01-18T00:53:53.614305+09:00,debug-AM04,Proposed,R,2,227,prediction_update,"{'count': 10, 'top': 'fi'}",1768665229314
2026-01-18T00:53:53.614310+09:00,debug-AM04,Proposed,R,2,227,keydown,"{'key': 'd', 'code': 'KeyD'}",1768665229515
2026-01-18T00:53:53.614315+09:00,debug-AM04,Proposed,R,2,227,prediction_update,"{'count': 10, 'top': 'bid'}",1768665229968
2026-01-18T00:53:53.614320+09:00,debug-AM04,Proposed,R,2,227,keydown,"{'key': 'f', 'code': 'KeyF'}",1768665230027
2026-01-18T00:53:53.614325+09:00,debug-AM04,Proposed,R,2,227,prediction_update,"{'count': 10, 'top': 'tier'}",1768665230362
2026-01-18T00:53:53.614331+09:00,debug-AM04,Proposed,R,2,227,keydown,"{'key': 'i', 'code': 'KeyI'}",1768665231149
2026-01-18T00:53:53.614336+09:00,debug-AM04,Proposed,R,2,227,prediction_update,"{'count': 10, 'top': 'bieti'}",1768665231296
2026-01-18T00:53:53.614341+09:00,debug-AM04,Proposed,R,2,227,keydown,"{'key': 'u', 'code': 'KeyU'}",1768665231674
2026-01-18T00:53:53.614346+09:00,debug-AM04,Proposed,R,2,227,prediction_update,"{'count': 10, 'top': 'victim'}",1768665231735
2026-01-18T00:53:53.614351+09:00,debug-AM04,Proposed,R,2,227,keydown,"{'key': 's', 'code': 'KeyS'}",1768665232501
2026-01-18T00:53:53.614356+09:00,debug-AM04,Proposed,R,2,227,prediction_update,"{'count': 10, 'top': 'victims'}",1768665232560
2026-01-18T00:53:53.614361+09:00,debug-AM04,Proposed,R,2,227,keydown,"{'key': 'Enter', 'code': 'Enter'}",1768665233506
2026-01-18T00:53:53.614367+09:00,debug-AM04,Proposed,R,2,227,confirm,{'word': 'victims'},1768665233506
2026-01-18T00:54:07.575097+09:00,debug-AM04,Proposed,R,2,227,keydown,"{'key': 'd', 'code': 'KeyD'}",1768665234047
2026-01-18T00:54:07.575118+09:00,debug-AM04,Proposed,R,2,227,prediction_update,"{'count': 3, 'top': 'c'}",1768665234092
2026-01-18T00:54:07.575124+09:00,debug-AM04,Proposed,R,2,227,keydown,"{'key': 'd', 'code': 'KeyD'}",1768665234556
2026-01-18T00:54:07.575130+09:00,debug-AM04,Proposed,R,2,227,prediction_update,"{'count': 9, 'top': 'de'}",1768665234583
2026-01-18T00:54:07.575135+09:00,debug-AM04,Proposed,R,2,227,keydown,"{'key': 's', 'code': 'KeyS'}",1768665234916
2026-01-18T00:54:07.575140+09:00,debug-AM04,Proposed,R,2,227,prediction_update,"{'count': 10, 'top': 'des'}",1768665235168
2026-01-18T00:54:07.575144+09:00,debug-AM04,Proposed,R,2,227,keydown,"{'key': 'd', 'code': 'KeyD'}",1768665235216
2026-01-18T00:54:07.575149+09:00,debug-AM04,Proposed,R,2,227,prediction_update,"{'count': 10, 'top': 'dese'}",1768665235292
2026-01-18T00:54:07.575154+09:00,debug-AM04,Proposed,R,2,227,keydown,"{'key': 'f', 'code': 'KeyF'}",1768665235381
2026-01-18T00:54:07.575159+09:00,debug-AM04,Proposed,R,2,227,prediction_update,"{'count': 10, 'top': 'deset'}",1768665235431
2026-01-18T00:54:07.575165+09:00,debug-AM04,Proposed,R,2,227,keydown,"{'key': 'u', 'code': 'KeyU'}",1768665236113
2026-01-18T00:54:07.575169+09:00,debug-AM04,Proposed,R,2,227,prediction_update,"{'count': 10, 'top': 'descry'}",1768665236163
2026-01-18T00:54:07.575174+09:00,debug-AM04,Proposed,R,2,227,keydown,"{'key': 'f', 'code': 'KeyF'}",1768665236236
2026-01-18T00:54:07.575179+09:00,debug-AM04,Proposed,R,2,227,prediction_update,"{'count': 10, 'top': 'descryt'}",1768665236285
2026-01-18T00:54:07.575184+09:00,debug-AM04,Proposed,R,2,227,keydown,"{'key': 'Backspace', 'code': 'Backspace'}",1768665239475
2026-01-18T00:54:07.575189+09:00,debug-AM04,Proposed,R,2,227,prediction_update,"{'count': 10, 'top': 'descry'}",1768665239524
2026-01-18T00:54:07.575194+09:00,debug-AM04,Proposed,R,2,227,keydown,"{'key': 'Backspace', 'code': 'Backspace'}",1768665240194
2026-01-18T00:54:07.575199+09:00,debug-AM04,Proposed,R,2,227,prediction_update,"{'count': 10, 'top': 'deset'}",1768665240239
2026-01-18T00:54:07.575204+09:00,debug-AM04,Proposed,R,2,227,keydown,"{'key': 'Backspace', 'code': 'Backspace'}",1768665241978
2026-01-18T00:54:07.575209+09:00,debug-AM04,Proposed,R,2,227,prediction_update,"{'count': 10, 'top': 'dese'}",1768665242028
2026-01-18T00:54:07.575214+09:00,debug-AM04,Proposed,R,2,227,keydown,"{'key': 'Backspace', 'code': 'Backspace'}",1768665242219
2026-01-18T00:54:07.575219+09:00,debug-AM04,Proposed,R,2,227,prediction_update,"{'count': 10, 'top': 'des'}",1768665242263
2026-01-18T00:54:07.575224+09:00,debug-AM04,Proposed,R,2,227,keydown,"{'key': 'Backspace', 'code': 'Backspace'}",1768665242384
2026-01-18T00:54:07.575228+09:00,debug-AM04,Proposed,R,2,227,prediction_update,"{'count': 9, 'top': 'de'}",1768665242431
2026-01-18T00:54:07.575233+09:00,debug-AM04,Proposed,R,2,227,keydown,"{'key': 'Backspace', 'code': 'Backspace'}",1768665242579
2026-01-18T00:54:07.575237+09:00,debug-AM04,Proposed,R,2,227,prediction_update,"{'count': 3, 'top': 'c'}",1768665242625
2026-01-18T00:54:07.575242+09:00,debug-AM04,Proposed,R,2,227,keydown,"{'key': 'Backspace', 'code': 'Backspace'}",1768665242774
2026-01-18T00:54:07.575246+09:00,debug-AM04,Proposed,R,2,227,keydown,"{'key': 'd', 'code': 'KeyD'}",1768665243827
2026-01-18T00:54:07.575251+09:00,debug-AM04,Proposed,R,2,227,prediction_update,"{'count': 3, 'top': 'c'}",1768665243873
2026-01-18T00:54:07.575256+09:00,debug-AM04,Proposed,R,2,227,keydown,"{'key': 'd', 'code': 'KeyD'}",1768665244126
2026-01-18T00:54:07.575260+09:00,debug-AM04,Proposed,R,2,227,prediction_update,"{'count': 9, 'top': 'de'}",1768665244152
2026-01-18T00:54:07.575265+09:00,debug-AM04,Proposed,R,2,227,keydown,"{'key': 's', 'code': 'KeyS'}",1768665244561
2026-01-18T00:54:07.575270+09:00,debug-AM04,Proposed,R,2,227,prediction_update,"{'count': 10, 'top': 'des'}",1768665244594
2026-01-18T00:54:07.575274+09:00,debug-AM04,Proposed,R,2,227,keydown,"{'key': 'd', 'code': 'KeyD'}",1768665244787
2026-01-18T00:54:07.575279+09:00,debug-AM04,Proposed,R,2,227,prediction_update,"{'count': 10, 'top': 'dese'}",1768665244816
2026-01-18T00:54:07.575283+09:00,debug-AM04,Proposed,R,2,227,keydown,"{'key': 'f', 'code': 'KeyF'}",1768665244951
2026-01-18T00:54:07.575288+09:00,debug-AM04,Proposed,R,2,227,prediction_update,"{'count': 10, 'top': 'deset'}",1768665244981
2026-01-18T00:54:07.575292+09:00,debug-AM04,Proposed,R,2,227,keydown,"{'key': 'f', 'code': 'KeyF'}",1768665246466
2026-01-18T00:54:07.575296+09:00,debug-AM04,Proposed,R,2,227,prediction_update,"{'count': 10, 'top': 'desert'}",1768665246528
2026-01-18T00:54:07.575301+09:00,debug-AM04,Proposed,R,2,227,keydown,"{'key': 'd', 'code': 'KeyD'}",1768665246646
2026-01-18T00:54:07.575305+09:00,debug-AM04,Proposed,R,2,227,prediction_update,"{'count': 10, 'top': 'deserve'}",1768665246687
2026-01-18T00:54:07.575310+09:00,debug-AM04,Proposed,R,2,227,keydown,"{'key': 'Enter', 'code': 'Enter'}",1768665247530
2026-01-18T00:54:07.575315+09:00,debug-AM04,Proposed,R,2,227,confirm,{'word': 'deserve'},1768665247530
2026-01-18T00:54:10.406366+09:00,debug-AM04,Proposed,R,2,227,keydown,"{'key': 'u', 'code': 'KeyU'}",1768665248984
2026-01-18T00:54:10.406390+09:00,debug-AM04,Proposed,R,2,227,prediction_update,"{'count': 6, 'top': 'm'}",1768665249029
2026-01-18T00:54:10.406397+09:00,debug-AM04,Proposed,R,2,227,keydown,"{'key': 'o', 'code': 'KeyO'}",1768665249344
2026-01-18T00:54:10.406403+09:00,debug-AM04,Proposed,R,2,227,prediction_update,"{'count': 10, 'top': 'no'}",1768665249372
2026-01-18T00:54:10.406408+09:00,debug-AM04,Proposed,R,2,227,keydown,"{'key': 'f', 'code': 'KeyF'}",1768665249616
2026-01-18T00:54:10.406414+09:00,debug-AM04,Proposed,R,2,227,prediction_update,"{'count': 10, 'top': 'not'}",1768665249642
2026-01-18T00:54:10.406419+09:00,debug-AM04,Proposed,R,2,227,keydown,"{'key': 'd', 'code': 'KeyD'}",1768665249736
2026-01-18T00:54:10.406424+09:00,debug-AM04,Proposed,R,2,227,prediction_update,"{'count': 10, 'top': 'more'}",1768665249768
2026-01-18T00:54:10.406429+09:00,debug-AM04,Proposed,R,2,227,keydown,"{'key': 'Enter', 'code': 'Enter'}",1768665250394
2026-01-18T00:54:10.406434+09:00,debug-AM04,Proposed,R,2,227,confirm,{'word': 'more'},1768665250394
2026-01-18T00:54:13.411579+09:00,debug-AM04,Proposed,R,2,227,keydown,"{'key': 'f', 'code': 'KeyF'}",1768665250951
2026-01-18T00:54:13.411603+09:00,debug-AM04,Proposed,R,2,227,prediction_update,"{'count': 6, 'top': 'g'}",1768665250994
2026-01-18T00:54:13.411610+09:00,debug-AM04,Proposed,R,2,227,keydown,"{'key': 'd', 'code': 'KeyD'}",1768665251056
2026-01-18T00:54:13.411616+09:00,debug-AM04,Proposed,R,2,227,prediction_update,"{'count': 10, 'top': 'te'}",1768665251085
2026-01-18T00:54:13.411621+09:00,debug-AM04,Proposed,R,2,227,keydown,"{'key': 'd', 'code': 'KeyD'}",1768665251476
2026-01-18T00:54:13.411626+09:00,debug-AM04,Proposed,R,2,227,prediction_update,"{'count': 10, 'top': 'red'}",1768665251503
2026-01-18T00:54:13.411631+09:00,debug-AM04,Proposed,R,2,227,keydown,"{'key': 'f', 'code': 'KeyF'}",1768665251792
2026-01-18T00:54:13.411636+09:00,debug-AM04,Proposed,R,2,227,keydown,"{'key': 'd', 'code': 'KeyD'}",1768665251896
2026-01-18T00:54:13.411640+09:00,debug-AM04,Proposed,R,2,227,keydown,"{'key': 's', 'code': 'KeyS'}",1768665252166
2026-01-18T00:54:13.411646+09:00,debug-AM04,Proposed,R,2,227,keydown,"{'key': 's', 'code': 'KeyS'}",1768665252347
2026-01-18T00:54:13.411650+09:00,debug-AM04,Proposed,R,2,227,prediction_update,"{'count': 10, 'top': 'feet'}",1768665252428
2026-01-18T00:54:13.411655+09:00,debug-AM04,Proposed,R,2,227,prediction_update,"{'count': 10, 'top': 'reeve'}",1768665252548
2026-01-18T00:54:13.411660+09:00,debug-AM04,Proposed,R,2,227,prediction_update,"{'count': 10, 'top': 'reeves'}",1768665252564
2026-01-18T00:54:13.411665+09:00,debug-AM04,Proposed,R,2,227,prediction_update,"{'count': 10, 'top': 'redress'}",1768665252571
2026-01-18T00:54:13.411670+09:00,debug-AM04,Proposed,R,2,227,keydown,"{'key': 'Enter', 'code': 'Enter'}",1768665253409
2026-01-18T00:54:13.411675+09:00,debug-AM04,Proposed,R,2,227,confirm,{'word': 'redress'},1768665253409
2026-01-18T00:54:15.492530+09:00,debug-AM04,Proposed,R,3,227,system,phrase_completed,1768665253475
2026-01-18T00:54:15.492582+09:00,debug-AM04,Proposed,R,3,227,system,next_phrase_clicked,1768665255481
2026-01-18T00:54:18.527072+09:00,debug-AM04,Proposed,R,3,246,keydown,"{'key': 's', 'code': 'KeyS'}",1768665256849
2026-01-18T00:54:18.527109+09:00,debug-AM04,Proposed,R,3,246,keydown,"{'key': 'd', 'code': 'KeyD'}",1768665256892
2026-01-18T00:54:18.527117+09:00,debug-AM04,Proposed,R,3,246,prediction_update,"{'count': 3, 'top': 's'}",1768665256920
2026-01-18T00:54:18.527123+09:00,debug-AM04,Proposed,R,3,246,prediction_update,"{'count': 9, 'top': 'se'}",1768665256921
2026-01-18T00:54:18.527130+09:00,debug-AM04,Proposed,R,3,246,keydown,"{'key': 'Enter', 'code': 'Enter'}",1768665258480
2026-01-18T00:54:18.527136+09:00,debug-AM04,Proposed,R,3,246,confirm,{'word': 'se'},1768665258480
2026-01-18T00:54:19.776749+09:00,debug-AM04,Proposed,R,3,246,keydown,"{'key': 'Backspace', 'code': 'Backspace'}",1768665259723
2026-01-18T00:54:19.776773+09:00,debug-AM04,Proposed,R,3,246,undo,{'removed_word': 'se'},1768665259723
2026-01-18T00:54:30.064348+09:00,debug-AM04,Proposed,R,3,246,keydown,"{'key': 's', 'code': 'KeyS'}",1768665260191
2026-01-18T00:54:30.064376+09:00,debug-AM04,Proposed,R,3,246,prediction_update,"{'count': 3, 'top': 's'}",1768665260236
2026-01-18T00:54:30.064383+09:00,debug-AM04,Proposed,R,3,246,keydown,"{'key': 'd', 'code': 'KeyD'}",1768665260296
2026-01-18T00:54:30.064390+09:00,debug-AM04,Proposed,R,3,246,prediction_update,"{'count': 9, 'top': 'se'}",1768665260325
2026-01-18T00:54:30.064396+09:00,debug-AM04,Proposed,R,3,246,keydown,"{'key': 'Backspace', 'code': 'Backspace'}",1768665261059
2026-01-18T00:54:30.064401+09:00,debug-AM04,Proposed,R,3,246,prediction_update,"{'count': 3, 'top': 's'}",1768665261107
2026-01-18T00:54:30.064407+09:00,debug-AM04,Proposed,R,3,246,keydown,"{'key': 's', 'code': 'KeyS'}",1768665262036
2026-01-18T00:54:30.064412+09:00,debug-AM04,Proposed,R,3,246,prediction_update,"{'count': 9, 'top': 'xx'}",1768665262268
2026-01-18T00:54:30.064417+09:00,debug-AM04,Proposed,R,3,246,keydown,"{'key': 'Backspace', 'code': 'Backspace'}",1768665263849
2026-01-18T00:54:30.064423+09:00,debug-AM04,Proposed,R,3,246,prediction_update,"{'count': 3, 'top': 's'}",1768665263895
2026-01-18T00:54:30.064429+09:00,debug-AM04,Proposed,R,3,246,keydown,"{'key': 'Backspace', 'code': 'Backspace'}",1768665264133
2026-01-18T00:54:30.064434+09:00,debug-AM04,Proposed,R,3,246,keydown,"{'key': 's', 'code': 'KeyS'}",1768665265051
2026-01-18T00:54:30.064439+09:00,debug-AM04,Proposed,R,3,246,prediction_update,"{'count': 3, 'top': 's'}",1768665265099
2026-01-18T00:54:30.064443+09:00,debug-AM04,Proposed,R,3,246,keydown,"{'key': 'd', 'code': 'KeyD'}",1768665265171
2026-01-18T00:54:30.064448+09:00,debug-AM04,Proposed,R,3,246,prediction_update,"{'count': 9, 'top': 'se'}",1768665265199
2026-01-18T00:54:30.064453+09:00,debug-AM04,Proposed,R,3,246,keydown,"{'key': ' ', 'code': 'Space'}",1768665266972
2026-01-18T00:54:30.064458+09:00,debug-AM04,Proposed,R,3,246,nav,"{'direction': 1, 'new_index': 1}",1768665266972
2026-01-18T00:54:30.064463+09:00,debug-AM04,Proposed,R,3,246,keydown,"{'key': 'Enter', 'code': 'Enter'}",1768665269958
2026-01-18T00:54:30.064468+09:00,debug-AM04,Proposed,R,3,246,confirm,{'word': 'we'},1768665269958
2026-01-18T00:54:37.054316+09:00,debug-AM04,Proposed,R,3,246,keydown,"{'key': 'u', 'code': 'KeyU'}",1768665271124
2026-01-18T00:54:37.054344+09:00,debug-AM04,Proposed,R,3,246,prediction_update,"{'count': 6, 'top': 'm'}",1768665271166
2026-01-18T00:54:37.054352+09:00,debug-AM04,Proposed,R,3,246,keydown,"{'key': 'i', 'code': 'KeyI'}",1768665273871
2026-01-18T00:54:37.054358+09:00,debug-AM04,Proposed,R,3,246,prediction_update,"{'count': 10, 'top': 'ni'}",1768665273898
2026-01-18T00:54:37.054364+09:00,debug-AM04,Proposed,R,3,246,keydown,"{'key': 's', 'code': 'KeyS'}",1768665274336
2026-01-18T00:54:37.054369+09:00,debug-AM04,Proposed,R,3,246,prediction_update,"{'count': 10, 'top': 'his'}",1768665274364
2026-01-18T00:54:37.054375+09:00,debug-AM04,Proposed,R,3,246,keydown,"{'key': 's', 'code': 'KeyS'}",1768665274577
2026-01-18T00:54:37.054380+09:00,debug-AM04,Proposed,R,3,246,prediction_update,"{'count': 10, 'top': 'miss'}",1768665274715
2026-01-18T00:54:37.054385+09:00,debug-AM04,Proposed,R,3,246,keydown,"{'key': 'd', 'code': 'KeyD'}",1768665274816
2026-01-18T00:54:37.054390+09:00,debug-AM04,Proposed,R,3,246,prediction_update,"{'count': 10, 'top': 'nisse'}",1768665274858
2026-01-18T00:54:37.054395+09:00,debug-AM04,Proposed,R,3,246,keydown,"{'key': 'd', 'code': 'KeyD'}",1768665275281
2026-01-18T00:54:37.054400+09:00,debug-AM04,Proposed,R,3,246,prediction_update,"{'count': 10, 'top': 'missed'}",1768665275373
2026-01-18T00:54:37.054405+09:00,debug-AM04,Proposed,R,3,246,keydown,"{'key': 'Enter', 'code': 'Enter'}",1768665277079
2026-01-18T00:54:37.054410+09:00,debug-AM04,Proposed,R,3,246,confirm,{'word': 'missed'},1768665277079
2026-01-18T00:54:39.008847+09:00,debug-AM04,Proposed,R,3,246,keydown,"{'key': 'u', 'code': 'KeyU'}",1768665277529
2026-01-18T00:54:39.008877+09:00,debug-AM04,Proposed,R,3,246,prediction_update,"{'count': 6, 'top': 'm'}",1768665277571
2026-01-18T00:54:39.008884+09:00,debug-AM04,Proposed,R,3,246,keydown,"{'key': 'o', 'code': 'KeyO'}",1768665277604
2026-01-18T00:54:39.008902+09:00,debug-AM04,Proposed,R,3,246,prediction_update,"{'count': 10, 'top': 'no'}",1768665277632
2026-01-18T00:54:39.008911+09:00,debug-AM04,Proposed,R,3,246,keydown,"{'key': 'u', 'code': 'KeyU'}",1768665277739
2026-01-18T00:54:39.008917+09:00,debug-AM04,Proposed,R,3,246,prediction_update,"{'count': 10, 'top': 'non'}",1768665277774
2026-01-18T00:54:39.008922+09:00,debug-AM04,Proposed,R,3,246,keydown,"{'key': 'f', 'code': 'KeyF'}",1768665277906
2026-01-18T00:54:39.008927+09:00,debug-AM04,Proposed,R,3,246,prediction_update,"{'count': 10, 'top': 'your'}",1768665277935
2026-01-18T00:54:39.008932+09:00,debug-AM04,Proposed,R,3,246,keydown,"{'key': 'Enter', 'code': 'Enter'}",1768665279044
2026-01-18T00:54:39.008937+09:00,debug-AM04,Proposed,R,3,246,confirm,{'word': 'your'},1768665279044
2026-01-18T00:55:10.871380+09:00,debug-AM04,Proposed,R,3,246,keydown,"{'key': 'f', 'code': 'KeyF'}",1768665279887
2026-01-18T00:55:10.871414+09:00,debug-AM04,Proposed,R,3,246,prediction_update,"{'count': 6, 'top': 'g'}",1768665279930
2026-01-18T00:55:10.871422+09:00,debug-AM04,Proposed,R,3,246,keydown,"{'key': 'u', 'code': 'KeyU'}",1768665280588
2026-01-18T00:55:10.871428+09:00,debug-AM04,Proposed,R,3,246,prediction_update,"{'count': 10, 'top': 'by'}",1768665280616
2026-01-18T00:55:10.871433+09:00,debug-AM04,Proposed,R,3,246,keydown,"{'key': 'f', 'code': 'KeyF'}",1768665280711
2026-01-18T00:55:10.871439+09:00,debug-AM04,Proposed,R,3,246,prediction_update,"{'count': 10, 'top': 'but'}",1768665280744
2026-01-18T00:55:10.871444+09:00,debug-AM04,Proposed,R,3,246,keydown,"{'key': 'f', 'code': 'KeyF'}",1768665281206
2026-01-18T00:55:10.871450+09:00,debug-AM04,Proposed,R,3,246,keydown,"{'key': 'u', 'code': 'KeyU'}",1768665281308
2026-01-18T00:55:10.871455+09:00,debug-AM04,Proposed,R,3,246,keydown,"{'key': 'd', 'code': 'KeyD'}",1768665281686
2026-01-18T00:55:10.871460+09:00,debug-AM04,Proposed,R,3,246,prediction_update,"{'count': 10, 'top': 'turf'}",1768665281712
2026-01-18T00:55:10.871465+09:00,debug-AM04,Proposed,R,3,246,keydown,"{'key': 'a', 'code': 'KeyA'}",1768665281851
2026-01-18T00:55:10.871471+09:00,debug-AM04,Proposed,R,3,246,prediction_update,"{'count': 10, 'top': 'rugby'}",1768665281975
2026-01-18T00:55:10.871476+09:00,debug-AM04,Proposed,R,3,246,prediction_update,"{'count': 10, 'top': 'burghe'}",1768665282013
2026-01-18T00:55:10.871482+09:00,debug-AM04,Proposed,R,3,246,prediction_update,"{'count': 10, 'top': 'burghez'}",1768665282047
2026-01-18T00:55:10.871488+09:00,debug-AM04,Proposed,R,3,246,keydown,"{'key': 'u', 'code': 'KeyU'}",1768665282088
2026-01-18T00:55:10.871493+09:00,debug-AM04,Proposed,R,3,246,prediction_update,"{'count': 10, 'top': 'burghezy'}",1768665282216
2026-01-18T00:55:10.871499+09:00,debug-AM04,Proposed,R,3,246,keydown,"{'key': 'Backspace', 'code': 'Backspace'}",1768665285031
2026-01-18T00:55:10.871505+09:00,debug-AM04,Proposed,R,3,246,prediction_update,"{'count': 10, 'top': 'burghez'}",1768665285124
2026-01-18T00:55:10.871511+09:00,debug-AM04,Proposed,R,3,246,keydown,"{'key': 'Backspace', 'code': 'Backspace'}",1768665285450
2026-01-18T00:55:10.871516+09:00,debug-AM04,Proposed,R,3,246,prediction_update,"{'count': 10, 'top': 'burghe'}",1768665285518
2026-01-18T00:55:10.871522+09:00,debug-AM04,Proposed,R,3,246,keydown,"{'key': 'Backspace', 'code': 'Backspace'}",1768665285630
2026-01-18T00:55:10.871527+09:00,debug-AM04,Proposed,R,3,246,prediction_update,"{'count': 10, 'top': 'rugby'}",1768665285683
2026-01-18T00:55:10.871533+09:00,debug-AM04,Proposed,R,3,246,keydown,"{'key': 'Backspace', 'code': 'Backspace'}",1768665285794
2026-01-18T00:55:10.871538+09:00,debug-AM04,Proposed,R,3,246,prediction_update,"{'count': 10, 'top': 'turf'}",1768665285847
2026-01-18T00:55:10.871544+09:00,debug-AM04,Proposed,R,3,246,keydown,"{'key': 'Backspace', 'code': 'Backspace'}",1768665285988
2026-01-18T00:55:10.871550+09:00,debug-AM04,Proposed,R,3,246,prediction_update,"{'count': 10, 'top': 'but'}",1768665286036
2026-01-18T00:55:10.871555+09:00,debug-AM04,Proposed,R,3,246,keydown,"{'key': 'Backspace', 'code': 'Backspace'}",1768665286169
2026-01-18T00:55:10.871561+09:00,debug-AM04,Proposed,R,3,246,prediction_update,"{'count': 10, 'top': 'by'}",1768665286216
2026-01-18T00:55:10.871566+09:00,debug-AM04,Proposed,R,3,246,keydown,"{'key': 'Backspace', 'code': 'Backspace'}",1768665286364
2026-01-18T00:55:10.871571+09:00,debug-AM04,Proposed,R,3,246,prediction_update,"{'count': 6, 'top': 'g'}",1768665286411
2026-01-18T00:55:10.871576+09:00,debug-AM04,Proposed,R,3,246,keydown,"{'key': 'Backspace', 'code': 'Backspace'}",1768665286619
2026-01-18T00:55:10.871582+09:00,debug-AM04,Proposed,R,3,246,keydown,"{'key': 'f', 'code': 'KeyF'}",1768665289250
2026-01-18T00:55:10.871587+09:00,debug-AM04,Proposed,R,3,246,prediction_update,"{'count': 6, 'top': 'g'}",1768665289296
2026-01-18T00:55:10.871592+09:00,debug-AM04,Proposed,R,3,246,keydown,"{'key': 'u', 'code': 'KeyU'}",1768665289994
2026-01-18T00:55:10.871597+09:00,debug-AM04,Proposed,R,3,246,prediction_update,"{'count': 10, 'top': 'by'}",1768665290024
2026-01-18T00:55:10.871602+09:00,debug-AM04,Proposed,R,3,246,keydown,"{'key': 'f', 'code': 'KeyF'}",1768665290491
2026-01-18T00:55:10.871607+09:00,debug-AM04,Proposed,R,3,246,prediction_update,"{'count': 10, 'top': 'but'}",1768665290519
2026-01-18T00:55:10.871612+09:00,debug-AM04,Proposed,R,3,246,keydown,"{'key': 'u', 'code': 'KeyU'}",1768665292228
2026-01-18T00:55:10.871617+09:00,debug-AM04,Proposed,R,3,246,prediction_update,"{'count': 10, 'top': 'turn'}",1768665292525
2026-01-18T00:55:10.871622+09:00,debug-AM04,Proposed,R,3,246,keydown,"{'key': 'Backspace', 'code': 'Backspace'}",1768665294797
2026-01-18T00:55:10.871627+09:00,debug-AM04,Proposed,R,3,246,prediction_update,"{'count': 10, 'top': 'but'}",1768665294842
2026-01-18T00:55:10.871633+09:00,debug-AM04,Proposed,R,3,246,keydown,"{'key': 'Backspace', 'code': 'Backspace'}",1768665295184
2026-01-18T00:55:10.871638+09:00,debug-AM04,Proposed,R,3,246,prediction_update,"{'count': 10, 'top': 'by'}",1768665295230
2026-01-18T00:55:10.871643+09:00,debug-AM04,Proposed,R,3,246,keydown,"{'key': 'Backspace', 'code': 'Backspace'}",1768665295409
2026-01-18T00:55:10.871648+09:00,debug-AM04,Proposed,R,3,246,prediction_update,"{'count': 6, 'top': 'g'}",1768665295453
2026-01-18T00:55:10.871653+09:00,debug-AM04,Proposed,R,3,246,keydown,"{'key': 'Backspace', 'code': 'Backspace'}",1768665295664
2026-01-18T00:55:10.871658+09:00,debug-AM04,Proposed,R,3,246,keydown,"{'key': 'f', 'code': 'KeyF'}",1768665296476
2026-01-18T00:55:10.871664+09:00,debug-AM04,Proposed,R,3,246,prediction_update,"{'count': 6, 'top': 'g'}",1768665296518
2026-01-18T00:55:10.871668+09:00,debug-AM04,Proposed,R,3,246,keydown,"{'key': 'u', 'code': 'KeyU'}",1768665296924
2026-01-18T00:55:10.871673+09:00,debug-AM04,Proposed,R,3,246,prediction_update,"{'count': 10, 'top': 'by'}",1768665296951
2026-01-18T00:55:10.871679+09:00,debug-AM04,Proposed,R,3,246,keydown,"{'key': 'f', 'code': 'KeyF'}",1768665297212
2026-01-18T00:55:10.871683+09:00,debug-AM04,Proposed,R,3,246,prediction_update,"{'count': 10, 'top': 'but'}",1768665297239
2026-01-18T00:55:10.871688+09:00,debug-AM04,Proposed,R,3,246,keydown,"{'key': 'f', 'code': 'KeyF'}",1768665297631
2026-01-18T00:55:10.871694+09:00,debug-AM04,Proposed,R,3,246,prediction_update,"{'count': 10, 'top': 'turf'}",1768665297661
2026-01-18T00:55:10.871699+09:00,debug-AM04,Proposed,R,3,246,keydown,"{'key': 'u', 'code': 'KeyU'}",1768665297764
2026-01-18T00:55:10.871704+09:00,debug-AM04,Proposed,R,3,246,prediction_update,"{'count': 10, 'top': 'rugby'}",1768665297812
2026-01-18T00:55:10.871708+09:00,debug-AM04,Proposed,R,3,246,keydown,"{'key': 'd', 'code': 'KeyD'}",1768665298201
2026-01-18T00:55:10.871714+09:00,debug-AM04,Proposed,R,3,246,prediction_update,"{'count': 10, 'top': 'burghe'}",1768665298256
2026-01-18T00:55:10.871719+09:00,debug-AM04,Proposed,R,3,246,keydown,"{'key': 'a', 'code': 'KeyA'}",1768665298336
2026-01-18T00:55:10.871724+09:00,debug-AM04,Proposed,R,3,246,prediction_update,"{'count': 10, 'top': 'burghez'}",1768665298415
2026-01-18T00:55:10.871729+09:00,debug-AM04,Proposed,R,3,246,keydown,"{'key': 'u', 'code': 'KeyU'}",1768665298604
2026-01-18T00:55:10.871734+09:00,debug-AM04,Proposed,R,3,246,prediction_update,"{'count': 10, 'top': 'burghezy'}",1768665298720
2026-01-18T00:55:10.871739+09:00,debug-AM04,Proposed,R,3,246,keydown,"{'key': 'Backspace', 'code': 'Backspace'}",1768665300434
2026-01-18T00:55:10.871744+09:00,debug-AM04,Proposed,R,3,246,prediction_update,"{'count': 10, 'top': 'burghez'}",1768665300528
2026-01-18T00:55:10.871750+09:00,debug-AM04,Proposed,R,3,246,keydown,"{'key': 'Backspace', 'code': 'Backspace'}",1768665300659
2026-01-18T00:55:10.871756+09:00,debug-AM04,Proposed,R,3,246,prediction_update,"{'count': 10, 'top': 'burghe'}",1768665300726
2026-01-18T00:55:10.871761+09:00,debug-AM04,Proposed,R,3,246,keydown,"{'key': 'Backspace', 'code': 'Backspace'}",1768665300870
2026-01-18T00:55:10.872137+09:00,debug-AM04,Proposed,R,3,246,prediction_update,"{'count': 10, 'top': 'rugby'}",1768665300922
2026-01-18T00:55:10.872162+09:00,debug-AM04,Proposed,R,3,246,keydown,"{'key': 'Backspace', 'code': 'Backspace'}",1768665301064
2026-01-18T00:55:10.872169+09:00,debug-AM04,Proposed,R,3,246,prediction_update,"{'count': 10, 'top': 'turf'}",1768665301112
2026-01-18T00:55:10.872174+09:00,debug-AM04,Proposed,R,3,246,keydown,"{'key': 'Backspace', 'code': 'Backspace'}",1768665301245
2026-01-18T00:55:10.872180+09:00,debug-AM04,Proposed,R,3,246,prediction_update,"{'count': 10, 'top': 'but'}",1768665301292
2026-01-18T00:55:10.872185+09:00,debug-AM04,Proposed,R,3,246,keydown,"{'key': 'Backspace', 'code': 'Backspace'}",1768665301498
2026-01-18T00:55:10.872191+09:00,debug-AM04,Proposed,R,3,246,prediction_update,"{'count': 10, 'top': 'by'}",1768665301543
2026-01-18T00:55:10.872196+09:00,debug-AM04,Proposed,R,3,246,keydown,"{'key': 'Backspace', 'code': 'Backspace'}",1768665301754
2026-01-18T00:55:10.872201+09:00,debug-AM04,Proposed,R,3,246,prediction_update,"{'count': 6, 'top': 'g'}",1768665301803
2026-01-18T00:55:10.872207+09:00,debug-AM04,Proposed,R,3,246,keydown,"{'key': 'Backspace', 'code': 'Backspace'}",1768665301934
2026-01-18T00:55:10.872212+09:00,debug-AM04,Proposed,R,3,246,keydown,"{'key': 'f', 'code': 'KeyF'}",1768665303466
2026-01-18T00:55:10.872217+09:00,debug-AM04,Proposed,R,3,246,prediction_update,"{'count': 6, 'top': 'g'}",1768665303510
2026-01-18T00:55:10.872223+09:00,debug-AM04,Proposed,R,3,246,keydown,"{'key': 'i', 'code': 'KeyI'}",1768665305188
2026-01-18T00:55:10.872228+09:00,debug-AM04,Proposed,R,3,246,prediction_update,"{'count': 10, 'top': 'fi'}",1768665305215
2026-01-18T00:55:10.872233+09:00,debug-AM04,Proposed,R,3,246,keydown,"{'key': 'f', 'code': 'KeyF'}",1768665306496
2026-01-18T00:55:10.872238+09:00,debug-AM04,Proposed,R,3,246,prediction_update,"{'count': 10, 'top': 'bit'}",1768665306524
2026-01-18T00:55:10.872243+09:00,debug-AM04,Proposed,R,3,246,keydown,"{'key': 'f', 'code': 'KeyF'}",1768665307502
2026-01-18T00:55:10.872248+09:00,debug-AM04,Proposed,R,3,246,keydown,"{'key': 'u', 'code': 'KeyU'}",1768665307693
2026-01-18T00:55:10.872253+09:00,debug-AM04,Proposed,R,3,246,prediction_update,"{'count': 10, 'top': 'gift'}",1768665307728
2026-01-18T00:55:10.872258+09:00,debug-AM04,Proposed,R,3,246,prediction_update,"{'count': 10, 'top': 'birth'}",1768665307952
2026-01-18T00:55:10.872263+09:00,debug-AM04,Proposed,R,3,246,keydown,"{'key': 'd', 'code': 'KeyD'}",1768665308447
2026-01-18T00:55:10.872268+09:00,debug-AM04,Proposed,R,3,246,prediction_update,"{'count': 10, 'top': 'virtue'}",1768665308520
2026-01-18T00:55:10.872273+09:00,debug-AM04,Proposed,R,3,246,keydown,"{'key': 'a', 'code': 'KeyA'}",1768665308807
2026-01-18T00:55:10.872278+09:00,debug-AM04,Proposed,R,3,246,prediction_update,"{'count': 10, 'top': 'virtueq'}",1768665308866
2026-01-18T00:55:10.872282+09:00,debug-AM04,Proposed,R,3,246,keydown,"{'key': 'u', 'code': 'KeyU'}",1768665309135
2026-01-18T00:55:10.872288+09:00,debug-AM04,Proposed,R,3,246,prediction_update,"{'count': 10, 'top': 'birthday'}",1768665309237
2026-01-18T00:55:10.872293+09:00,debug-AM04,Proposed,R,3,246,keydown,"{'key': 'Enter', 'code': 'Enter'}",1768665310859
2026-01-18T00:55:10.872298+09:00,debug-AM04,Proposed,R,3,246,confirm,{'word': 'birthday'},1768665310859
2026-01-18T00:55:12.891182+09:00,debug-AM04,Proposed,R,4,246,system,phrase_completed,1768665310926
2026-01-18T00:55:12.891208+09:00,debug-AM04,Proposed,R,4,246,system,next_phrase_clicked,1768665312942
2026-01-18T00:55:50.779746+09:00,debug-AM04,Proposed,R,4,5,keydown,"{'key': 'p', 'code': 'KeyP'}",1768665314087
2026-01-18T00:55:50.779772+09:00,debug-AM04,Proposed,R,4,5,keydown,"{'key': 'o', 'code': 'KeyO'}",1768665314088
2026-01-18T00:55:50.779779+09:00,debug-AM04,Proposed,R,4,5,prediction_update,"{'count': 2, 'top': 'po'}",1768665314162
2026-01-18T00:55:50.779785+09:00,debug-AM04,Proposed,R,4,5,prediction_update,"{'count': 1, 'top': 'p'}",1768665314163
2026-01-18T00:55:50.779790+09:00,debug-AM04,Proposed,R,4,5,keydown,"{'key': 'u', 'code': 'KeyU'}",1768665314383
2026-01-18T00:55:50.779795+09:00,debug-AM04,Proposed,R,4,5,prediction_update,"{'count': 10, 'top': 'pom'}",1768665314525
2026-01-18T00:55:50.779800+09:00,debug-AM04,Proposed,R,4,5,keydown,"{'key': 'u', 'code': 'KeyU'}",1768665315479
2026-01-18T00:55:50.779806+09:00,debug-AM04,Proposed,R,4,5,prediction_update,"{'count': 10, 'top': 'plum'}",1768665315530
2026-01-18T00:55:50.779811+09:00,debug-AM04,Proposed,R,4,5,keydown,"{'key': 's', 'code': 'KeyS'}",1768665315961
2026-01-18T00:55:50.779815+09:00,debug-AM04,Proposed,R,4,5,prediction_update,"{'count': 10, 'top': 'plums'}",1768665316005
2026-01-18T00:55:50.779821+09:00,debug-AM04,Proposed,R,4,5,keydown,"{'key': 'i', 'code': 'KeyI'}",1768665316304
2026-01-18T00:55:50.779825+09:00,debug-AM04,Proposed,R,4,5,prediction_update,"{'count': 10, 'top': 'plumsi'}",1768665316333
2026-01-18T00:55:50.779830+09:00,debug-AM04,Proposed,R,4,5,keydown,"{'key': 's', 'code': 'KeyS'}",1768665316577
2026-01-18T00:55:50.779835+09:00,debug-AM04,Proposed,R,4,5,prediction_update,"{'count': 10, 'top': 'plumsiw'}",1768665316607
2026-01-18T00:55:50.779840+09:00,debug-AM04,Proposed,R,4,5,keydown,"{'key': 'Backspace', 'code': 'Backspace'}",1768665320820
2026-01-18T00:55:50.779845+09:00,debug-AM04,Proposed,R,4,5,prediction_update,"{'count': 10, 'top': 'plumsi'}",1768665320871
2026-01-18T00:55:50.779850+09:00,debug-AM04,Proposed,R,4,5,keydown,"{'key': 'd', 'code': 'KeyD'}",1768665321691
2026-01-18T00:55:50.779855+09:00,debug-AM04,Proposed,R,4,5,prediction_update,"{'count': 10, 'top': 'plumsie'}",1768665321721
2026-01-18T00:55:50.779860+09:00,debug-AM04,Proposed,R,4,5,keydown,"{'key': 's', 'code': 'KeyS'}",1768665321871
2026-01-18T00:55:50.779865+09:00,debug-AM04,Proposed,R,4,5,prediction_update,"{'count': 10, 'top': 'plumsiew'}",1768665321905
2026-01-18T00:55:50.779870+09:00,debug-AM04,Proposed,R,4,5,keydown,"{'key': 'Backspace', 'code': 'Backspace'}",1768665324991
2026-01-18T00:55:50.779874+09:00,debug-AM04,Proposed,R,4,5,prediction_update,"{'count': 10, 'top': 'plumsie'}",1768665325043
2026-01-18T00:55:50.779879+09:00,debug-AM04,Proposed,R,4,5,keydown,"{'key': 'Backspace', 'code': 'Backspace'}",1768665325214
2026-01-18T00:55:50.779884+09:00,debug-AM04,Proposed,R,4,5,prediction_update,"{'count': 10, 'top': 'plumsi'}",1768665325265
2026-01-18T00:55:50.779889+09:00,debug-AM04,Proposed,R,4,5,keydown,"{'key': 'Backspace', 'code': 'Backspace'}",1768665325394
2026-01-18T00:55:50.779894+09:00,debug-AM04,Proposed,R,4,5,prediction_update,"{'count': 10, 'top': 'plums'}",1768665325445
2026-01-18T00:55:50.779898+09:00,debug-AM04,Proposed,R,4,5,keydown,"{'key': 'Backspace', 'code': 'Backspace'}",1768665325559
2026-01-18T00:55:50.779903+09:00,debug-AM04,Proposed,R,4,5,prediction_update,"{'count': 10, 'top': 'plum'}",1768665325613
2026-01-18T00:55:50.779908+09:00,debug-AM04,Proposed,R,4,5,keydown,"{'key': 'Backspace', 'code': 'Backspace'}",1768665325768
2026-01-18T00:55:50.779912+09:00,debug-AM04,Proposed,R,4,5,prediction_update,"{'count': 10, 'top': 'pom'}",1768665325823
2026-01-18T00:55:50.779917+09:00,debug-AM04,Proposed,R,4,5,keydown,"{'key': 'Backspace', 'code': 'Backspace'}",1768665325964
2026-01-18T00:55:50.779922+09:00,debug-AM04,Proposed,R,4,5,prediction_update,"{'count': 2, 'top': 'po'}",1768665326021
2026-01-18T00:55:50.779927+09:00,debug-AM04,Proposed,R,4,5,keydown,"{'key': 'Backspace', 'code': 'Backspace'}",1768665326143
2026-01-18T00:55:50.779934+09:00,debug-AM04,Proposed,R,4,5,prediction_update,"{'count': 1, 'top': 'p'}",1768665326196
2026-01-18T00:55:50.779939+09:00,debug-AM04,Proposed,R,4,5,keydown,"{'key': 'Backspace', 'code': 'Backspace'}",1768665326339
2026-01-18T00:55:50.779944+09:00,debug-AM04,Proposed,R,4,5,keydown,"{'key': 'p', 'code': 'KeyP'}",1768665327343
2026-01-18T00:55:50.779949+09:00,debug-AM04,Proposed,R,4,5,prediction_update,"{'count': 1, 'top': 'p'}",1768665327389
2026-01-18T00:55:50.779954+09:00,debug-AM04,Proposed,R,4,5,keydown,"{'key': 'u', 'code': 'KeyU'}",1768665327793
2026-01-18T00:55:50.779959+09:00,debug-AM04,Proposed,R,4,5,prediction_update,"{'count': 6, 'top': 'pm'}",1768665327883
2026-01-18T00:55:50.779963+09:00,debug-AM04,Proposed,R,4,5,keydown,"{'key': 'f', 'code': 'KeyF'}",1768665328411
2026-01-18T00:55:50.779968+09:00,debug-AM04,Proposed,R,4,5,prediction_update,"{'count': 10, 'top': 'put'}",1768665328522
2026-01-18T00:55:50.779973+09:00,debug-AM04,Proposed,R,4,5,keydown,"{'key': 's', 'code': 'KeyS'}",1768665328996
2026-01-18T00:55:50.779978+09:00,debug-AM04,Proposed,R,4,5,prediction_update,"{'count': 10, 'top': 'puts'}",1768665329033
2026-01-18T00:55:50.779983+09:00,debug-AM04,Proposed,R,4,5,keydown,"{'key': 'i', 'code': 'KeyI'}",1768665329369
2026-01-18T00:55:50.779987+09:00,debug-AM04,Proposed,R,4,5,prediction_update,"{'count': 10, 'top': 'putsi'}",1768665329398
2026-01-18T00:55:50.779992+09:00,debug-AM04,Proposed,R,4,5,keydown,"{'key': 'd', 'code': 'KeyD'}",1768665329641
2026-01-18T00:55:50.779996+09:00,debug-AM04,Proposed,R,4,5,prediction_update,"{'count': 10, 'top': 'putsie'}",1768665329670
2026-01-18T00:55:50.780001+09:00,debug-AM04,Proposed,R,4,5,keydown,"{'key': 's', 'code': 'KeyS'}",1768665330241
2026-01-18T00:55:50.780005+09:00,debug-AM04,Proposed,R,4,5,prediction_update,"{'count': 10, 'top': 'putsiew'}",1768665330272
2026-01-18T00:55:50.780010+09:00,debug-AM04,Proposed,R,4,5,keydown,"{'key': 'Backspace', 'code': 'Backspace'}",1768665333692
2026-01-18T00:55:50.780015+09:00,debug-AM04,Proposed,R,4,5,prediction_update,"{'count': 10, 'top': 'putsie'}",1768665333736
2026-01-18T00:55:50.780020+09:00,debug-AM04,Proposed,R,4,5,keydown,"{'key': 's', 'code': 'KeyS'}",1768665334157
2026-01-18T00:55:50.780024+09:00,debug-AM04,Proposed,R,4,5,prediction_update,"{'count': 10, 'top': 'putsiew'}",1768665334188
2026-01-18T00:55:50.780029+09:00,debug-AM04,Proposed,R,4,5,keydown,"{'key': ' ', 'code': 'Space'}",1768665335778
2026-01-18T00:55:50.780034+09:00,debug-AM04,Proposed,R,4,5,nav,"{'direction': 1, 'new_index': 1}",1768665335778
2026-01-18T00:55:50.780039+09:00,debug-AM04,Proposed,R,4,5,keydown,"{'key': ' ', 'code': 'Space'}",1768665337517
2026-01-18T00:55:50.780043+09:00,debug-AM04,Proposed,R,4,5,nav,"{'direction': 1, 'new_index': 2}",1768665337517
2026-01-18T00:55:50.780047+09:00,debug-AM04,Proposed,R,4,5,keydown,"{'key': ' ', 'code': 'Space'}",1768665337923
2026-01-18T00:55:50.780052+09:00,debug-AM04,Proposed,R,4,5,nav,"{'direction': 1, 'new_index': 3}",1768665337923
2026-01-18T00:55:50.780057+09:00,debug-AM04,Proposed,R,4,5,keydown,"{'key': 'Backspace', 'code': 'Backspace'}",1768665340080
2026-01-18T00:55:50.780061+09:00,debug-AM04,Proposed,R,4,5,prediction_update,"{'count': 10, 'top': 'putsie'}",1768665340130
2026-01-18T00:55:50.780066+09:00,debug-AM04,Proposed,R,4,5,keydown,"{'key': 'Backspace', 'code': 'Backspace'}",1768665340229
2026-01-18T00:55:50.780070+09:00,debug-AM04,Proposed,R,4,5,prediction_update,"{'count': 10, 'top': 'putsi'}",1768665340276
2026-01-18T00:55:50.780075+09:00,debug-AM04,Proposed,R,4,5,keydown,"{'key': 'Backspace', 'code': 'Backspace'}",1768665340424
2026-01-18T00:55:50.780080+09:00,debug-AM04,Proposed,R,4,5,prediction_update,"{'count': 10, 'top': 'puts'}",1768665340472
2026-01-18T00:55:50.780085+09:00,debug-AM04,Proposed,R,4,5,keydown,"{'key': 'Backspace', 'code': 'Backspace'}",1768665340619
2026-01-18T00:55:50.780089+09:00,debug-AM04,Proposed,R,4,5,prediction_update,"{'count': 10, 'top': 'put'}",1768665340665
2026-01-18T00:55:50.780094+09:00,debug-AM04,Proposed,R,4,5,keydown,"{'key': 'Backspace', 'code': 'Backspace'}",1768665340799
2026-01-18T00:55:50.780408+09:00,debug-AM04,Proposed,R,4,5,prediction_update,"{'count': 6, 'top': 'pm'}",1768665340847
2026-01-18T00:55:50.780448+09:00,debug-AM04,Proposed,R,4,5,keydown,"{'key': 'Backspace', 'code': 'Backspace'}",1768665340979
2026-01-18T00:55:50.780456+09:00,debug-AM04,Proposed,R,4,5,prediction_update,"{'count': 1, 'top': 'p'}",1768665341026
2026-01-18T00:55:50.780462+09:00,debug-AM04,Proposed,R,4,5,keydown,"{'key': 'Backspace', 'code': 'Backspace'}",1768665341174
2026-01-18T00:55:50.780468+09:00,debug-AM04,Proposed,R,4,5,keydown,"{'key': 'p', 'code': 'KeyP'}",1768665342403
2026-01-18T00:55:50.780473+09:00,debug-AM04,Proposed,R,4,5,prediction_update,"{'count': 1, 'top': 'p'}",1768665342445
2026-01-18T00:55:50.780478+09:00,debug-AM04,Proposed,R,4,5,keydown,"{'key': 'u', 'code': 'KeyU'}",1768665343229
2026-01-18T00:55:50.780483+09:00,debug-AM04,Proposed,R,4,5,prediction_update,"{'count': 6, 'top': 'pm'}",1768665343255
2026-01-18T00:55:50.780487+09:00,debug-AM04,Proposed,R,4,5,keydown,"{'key': 'u', 'code': 'KeyU'}",1768665346441
2026-01-18T00:55:50.780492+09:00,debug-AM04,Proposed,R,4,5,prediction_update,"{'count': 10, 'top': 'pun'}",1768665346625
2026-01-18T00:55:50.780497+09:00,debug-AM04,Proposed,R,4,5,keydown,"{'key': 's', 'code': 'KeyS'}",1768665347476
2026-01-18T00:55:50.780501+09:00,debug-AM04,Proposed,R,4,5,prediction_update,"{'count': 10, 'top': 'puns'}",1768665347600
2026-01-18T00:55:50.780506+09:00,debug-AM04,Proposed,R,4,5,keydown,"{'key': 'i', 'code': 'KeyI'}",1768665347774
2026-01-18T00:55:50.780511+09:00,debug-AM04,Proposed,R,4,5,prediction_update,"{'count': 10, 'top': 'pjuwk'}",1768665347802
2026-01-18T00:55:50.780515+09:00,debug-AM04,Proposed,R,4,5,keydown,"{'key': 'd', 'code': 'KeyD'}",1768665348136
2026-01-18T00:55:50.780520+09:00,debug-AM04,Proposed,R,4,5,prediction_update,"{'count': 10, 'top': 'physic'}",1768665348220
2026-01-18T00:55:50.780524+09:00,debug-AM04,Proposed,R,4,5,keydown,"{'key': 's', 'code': 'KeyS'}",1768665348422
2026-01-18T00:55:50.780529+09:00,debug-AM04,Proposed,R,4,5,prediction_update,"{'count': 10, 'top': 'physics'}",1768665348491
2026-01-18T00:55:50.780533+09:00,debug-AM04,Proposed,R,4,5,keydown,"{'key': 'Enter', 'code': 'Enter'}",1768665350703
2026-01-18T00:55:50.780538+09:00,debug-AM04,Proposed,R,4,5,confirm,{'word': 'physics'},1768665350703
2026-01-18T00:55:52.928269+09:00,debug-AM04,Proposed,R,4,5,keydown,"{'key': 'a', 'code': 'KeyA'}",1768665351722
2026-01-18T00:55:52.928294+09:00,debug-AM04,Proposed,R,4,5,prediction_update,"{'count': 3, 'top': 'a'}",1768665351766
2026-01-18T00:55:52.928302+09:00,debug-AM04,Proposed,R,4,5,keydown,"{'key': 'u', 'code': 'KeyU'}",1768665351884
2026-01-18T00:55:52.928307+09:00,debug-AM04,Proposed,R,4,5,prediction_update,"{'count': 10, 'top': 'zu'}",1768665351913
2026-01-18T00:55:52.928313+09:00,debug-AM04,Proposed,R,4,5,keydown,"{'key': 'd', 'code': 'KeyD'}",1768665351992
2026-01-18T00:55:52.928318+09:00,debug-AM04,Proposed,R,4,5,prediction_update,"{'count': 10, 'top': 'and'}",1768665352021
2026-01-18T00:55:52.928323+09:00,debug-AM04,Proposed,R,4,5,keydown,"{'key': 'Enter', 'code': 'Enter'}",1768665352903
2026-01-18T00:55:52.928328+09:00,debug-AM04,Proposed,R,4,5,confirm,{'word': 'and'},1768665352904
2026-01-18T00:55:57.822584+09:00,debug-AM04,Proposed,R,4,5,keydown,"{'key': 'd', 'code': 'KeyD'}",1768665354107
2026-01-18T00:55:57.822607+09:00,debug-AM04,Proposed,R,4,5,prediction_update,"{'count': 3, 'top': 'c'}",1768665354150
2026-01-18T00:55:57.822613+09:00,debug-AM04,Proposed,R,4,5,keydown,"{'key': 'u', 'code': 'KeyU'}",1768665354419
2026-01-18T00:55:57.822618+09:00,debug-AM04,Proposed,R,4,5,prediction_update,"{'count': 10, 'top': 'du'}",1768665354444
2026-01-18T00:55:57.822624+09:00,debug-AM04,Proposed,R,4,5,keydown,"{'key': 'd', 'code': 'KeyD'}",1768665354661
2026-01-18T00:55:57.822628+09:00,debug-AM04,Proposed,R,4,5,prediction_update,"{'count': 10, 'top': 'end'}",1768665354688
2026-01-18T00:55:57.822633+09:00,debug-AM04,Proposed,R,4,5,keydown,"{'key': 'u', 'code': 'KeyU'}",1768665355123
2026-01-18T00:55:57.822638+09:00,debug-AM04,Proposed,R,4,5,prediction_update,"{'count': 10, 'top': 'chen'}",1768665355587
2026-01-18T00:55:57.822642+09:00,debug-AM04,Proposed,R,4,5,keydown,"{'key': 'i', 'code': 'KeyI'}",1768665355875
2026-01-18T00:55:57.822647+09:00,debug-AM04,Proposed,R,4,5,prediction_update,"{'count': 10, 'top': 'duduk'}",1768665356102
2026-01-18T00:55:57.822651+09:00,debug-AM04,Proposed,R,4,5,keydown,"{'key': 's', 'code': 'KeyS'}",1768665356176
2026-01-18T00:55:57.822656+09:00,debug-AM04,Proposed,R,4,5,prediction_update,"{'count': 10, 'top': 'duduks'}",1768665356230
2026-01-18T00:55:57.822661+09:00,debug-AM04,Proposed,R,4,5,keydown,"{'key': 'f', 'code': 'KeyF'}",1768665356536
2026-01-18T00:55:57.822665+09:00,debug-AM04,Proposed,R,4,5,prediction_update,"{'count': 10, 'top': 'chemist'}",1768665356594
2026-01-18T00:55:57.822670+09:00,debug-AM04,Proposed,R,4,5,keydown,"{'key': 'f', 'code': 'KeyF'}",1768665356851
2026-01-18T00:55:57.822675+09:00,debug-AM04,Proposed,R,4,5,prediction_update,"{'count': 10, 'top': 'chemistt'}",1768665356957
2026-01-18T00:55:57.822680+09:00,debug-AM04,Proposed,R,4,5,keydown,"{'key': 'u', 'code': 'KeyU'}",1768665356984
2026-01-18T00:55:57.822685+09:00,debug-AM04,Proposed,R,4,5,prediction_update,"{'count': 10, 'top': 'chemistry'}",1768665357117
2026-01-18T00:55:57.822690+09:00,debug-AM04,Proposed,R,4,5,keydown,"{'key': 'Enter', 'code': 'Enter'}",1768665357811
2026-01-18T00:55:57.822694+09:00,debug-AM04,Proposed,R,4,5,confirm,{'word': 'chemistry'},1768665357811
2026-01-18T00:55:59.394054+09:00,debug-AM04,Proposed,R,4,5,keydown,"{'key': 'a', 'code': 'KeyA'}",1768665358262
2026-01-18T00:55:59.394079+09:00,debug-AM04,Proposed,R,4,5,prediction_update,"{'count': 3, 'top': 'a'}",1768665358303
2026-01-18T00:55:59.394086+09:00,debug-AM04,Proposed,R,4,5,keydown,"{'key': 'f', 'code': 'KeyF'}",1768665358546
2026-01-18T00:55:59.394091+09:00,debug-AM04,Proposed,R,4,5,prediction_update,"{'count': 10, 'top': 'at'}",1768665358573
2026-01-18T00:55:59.394097+09:00,debug-AM04,Proposed,R,4,5,keydown,"{'key': 'd', 'code': 'KeyD'}",1768665358621
2026-01-18T00:55:59.394102+09:00,debug-AM04,Proposed,R,4,5,prediction_update,"{'count': 10, 'top': 'are'}",1768665358653
2026-01-18T00:55:59.394107+09:00,debug-AM04,Proposed,R,4,5,keydown,"{'key': 'Enter', 'code': 'Enter'}",1768665359339
2026-01-18T00:55:59.394112+09:00,debug-AM04,Proposed,R,4,5,confirm,{'word': 'are'},1768665359339
2026-01-18T00:56:06.566040+09:00,debug-AM04,Proposed,R,4,5,keydown,"{'key': 'u', 'code': 'KeyU'}",1768665359880
2026-01-18T00:56:06.566068+09:00,debug-AM04,Proposed,R,4,5,prediction_update,"{'count': 6, 'top': 'm'}",1768665359931
2026-01-18T00:56:06.566075+09:00,debug-AM04,Proposed,R,4,5,keydown,"{'key': 'a', 'code': 'KeyA'}",1768665361563
2026-01-18T00:56:06.566080+09:00,debug-AM04,Proposed,R,4,5,prediction_update,"{'count': 10, 'top': 'ha'}",1768665361591
2026-01-18T00:56:06.566086+09:00,debug-AM04,Proposed,R,4,5,keydown,"{'key': 'f', 'code': 'KeyF'}",1768665361801
2026-01-18T00:56:06.566091+09:00,debug-AM04,Proposed,R,4,5,keydown,"{'key': 'd', 'code': 'KeyD'}",1768665362056
2026-01-18T00:56:06.566096+09:00,debug-AM04,Proposed,R,4,5,prediction_update,"{'count': 10, 'top': 'hat'}",1768665362489
2026-01-18T00:56:06.566102+09:00,debug-AM04,Proposed,R,4,5,prediction_update,"{'count': 10, 'top': 'have'}",1768665362846
2026-01-18T00:56:06.566106+09:00,debug-AM04,Proposed,R,4,5,keydown,"{'key': ' ', 'code': 'Space'}",1768665365812
2026-01-18T00:56:06.566112+09:00,debug-AM04,Proposed,R,4,5,nav,"{'direction': 1, 'new_index': 1}",1768665365812
2026-01-18T00:56:06.566117+09:00,debug-AM04,Proposed,R,4,5,keydown,"{'key': ' ', 'code': 'Space'}",1768665366122
2026-01-18T00:56:06.566122+09:00,debug-AM04,Proposed,R,4,5,nav,"{'direction': 1, 'new_index': 2}",1768665366122
2026-01-18T00:56:06.566126+09:00,debug-AM04,Proposed,R,4,5,keydown,"{'key': 'Enter', 'code': 'Enter'}",1768665366599
2026-01-18T00:56:06.566131+09:00,debug-AM04,Proposed,R,4,5,confirm,{'word': 'hard'},1768665366599
2026-01-18T00:56:08.633592+09:00,debug-AM04,Proposed,R,5,5,system,phrase_completed,1768665366667
2026-01-18T00:56:08.633608+09:00,debug-AM04,Proposed,R,5,5,system,next_phrase_clicked,1768665368679
2026-01-18T00:56:12.630110+09:00,debug-AM04,Proposed,R,5,286,keydown,"{'key': 'u', 'code': 'KeyU'}",1768665371177
2026-01-18T00:56:12.630137+09:00,debug-AM04,Proposed,R,5,286,keydown,"{'key': 'o', 'code': 'KeyO'}",1768665371220
2026-01-18T00:56:12.630143+09:00,debug-AM04,Proposed,R,5,286,prediction_update,"{'count': 6, 'top': 'm'}",1768665371245
2026-01-18T00:56:12.630150+09:00,debug-AM04,Proposed,R,5,286,prediction_update,"{'count': 10, 'top': 'no'}",1768665371325
2026-01-18T00:56:12.630155+09:00,debug-AM04,Proposed,R,5,286,keydown,"{'key': 'u', 'code': 'KeyU'}",1768665371384
2026-01-18T00:56:12.630161+09:00,debug-AM04,Proposed,R,5,286,prediction_update,"{'count': 10, 'top': 'non'}",1768665371412
2026-01-18T00:56:12.630166+09:00,debug-AM04,Proposed,R,5,286,keydown,"{'key': 's', 'code': 'KeyS'}",1768665371656
2026-01-18T00:56:12.630171+09:00,debug-AM04,Proposed,R,5,286,keydown,"{'key': 'd', 'code': 'KeyD'}",1768665371791
2026-01-18T00:56:12.630176+09:00,debug-AM04,Proposed,R,5,286,prediction_update,"{'count': 10, 'top': 'nous'}",1768665371936
2026-01-18T00:56:12.630182+09:00,debug-AM04,Proposed,R,5,286,prediction_update,"{'count': 10, 'top': 'house'}",1768665371974
2026-01-18T00:56:12.630187+09:00,debug-AM04,Proposed,R,5,286,keydown,"{'key': 'Enter', 'code': 'Enter'}",1768665372645
2026-01-18T00:56:12.630192+09:00,debug-AM04,Proposed,R,5,286,confirm,{'word': 'house'},1768665372645
2026-01-18T00:56:16.013645+09:00,debug-AM04,Proposed,R,5,286,keydown,"{'key': 's', 'code': 'KeyS'}",1768665373321
2026-01-18T00:56:16.013670+09:00,debug-AM04,Proposed,R,5,286,prediction_update,"{'count': 3, 'top': 's'}",1768665373364
2026-01-18T00:56:16.013677+09:00,debug-AM04,Proposed,R,5,286,keydown,"{'key': 'i', 'code': 'KeyI'}",1768665373529
2026-01-18T00:56:16.013683+09:00,debug-AM04,Proposed,R,5,286,prediction_update,"{'count': 6, 'top': 'si'}",1768665373565
2026-01-18T00:56:16.013688+09:00,debug-AM04,Proposed,R,5,286,keydown,"{'key': 'f', 'code': 'KeyF'}",1768665374416
2026-01-18T00:56:16.013693+09:00,debug-AM04,Proposed,R,5,286,keydown,"{'key': 'u', 'code': 'KeyU'}",1768665374549
2026-01-18T00:56:16.013698+09:00,debug-AM04,Proposed,R,5,286,prediction_update,"{'count': 10, 'top': 'xiv'}",1768665374709
2026-01-18T00:56:16.013703+09:00,debug-AM04,Proposed,R,5,286,prediction_update,"{'count': 10, 'top': 'with'}",1768665374867
2026-01-18T00:56:16.013708+09:00,debug-AM04,Proposed,R,5,286,keydown,"{'key': 'Enter', 'code': 'Enter'}",1768665375946
2026-01-18T00:56:16.013714+09:00,debug-AM04,Proposed,R,5,286,confirm,{'word': 'with'},1768665375946
2026-01-18T00:56:24.293383+09:00,debug-AM04,Proposed,R,5,286,keydown,"{'key': 'u', 'code': 'KeyU'}",1768665377369
2026-01-18T00:56:24.293412+09:00,debug-AM04,Proposed,R,5,286,prediction_update,"{'count': 6, 'top': 'm'}",1768665377417
2026-01-18T00:56:24.293420+09:00,debug-AM04,Proposed,R,5,286,keydown,"{'key': 'd', 'code': 'KeyD'}",1768665378226
2026-01-18T00:56:24.293426+09:00,debug-AM04,Proposed,R,5,286,prediction_update,"{'count': 10, 'top': 'he'}",1768665378254
2026-01-18T00:56:24.293431+09:00,debug-AM04,Proposed,R,5,286,keydown,"{'key': 's', 'code': 'KeyS'}",1768665378287
2026-01-18T00:56:24.293437+09:00,debug-AM04,Proposed,R,5,286,prediction_update,"{'count': 10, 'top': 'yes'}",1768665378317
2026-01-18T00:56:24.293442+09:00,debug-AM04,Proposed,R,5,286,keydown,"{'key': ' ', 'code': 'Space'}",1768665380660
2026-01-18T00:56:24.293447+09:00,debug-AM04,Proposed,R,5,286,nav,"{'direction': 1, 'new_index': 1}",1768665380660
2026-01-18T00:56:24.293453+09:00,debug-AM04,Proposed,R,5,286,keydown,"{'key': 'u', 'code': 'KeyU'}",1768665381254
2026-01-18T00:56:24.293458+09:00,debug-AM04,Proposed,R,5,286,prediction_update,"{'count': 10, 'top': 'mesh'}",1768665381420
2026-01-18T00:56:24.293463+09:00,debug-AM04,Proposed,R,5,286,keydown,"{'key': 'Backspace', 'code': 'Backspace'}",1768665383280
2026-01-18T00:56:24.293470+09:00,debug-AM04,Proposed,R,5,286,prediction_update,"{'count': 10, 'top': 'yes'}",1768665383329
2026-01-18T00:56:24.293475+09:00,debug-AM04,Proposed,R,5,286,keydown,"{'key': 'Enter', 'code': 'Enter'}",1768665384241
2026-01-18T00:56:24.293479+09:00,debug-AM04,Proposed,R,5,286,confirm,{'word': 'yes'},1768665384241
2026-01-18T00:56:26.373413+09:00,debug-AM04,Proposed,R,5,286,keydown,"{'key': 'Backspace', 'code': 'Backspace'}",1768665386326
2026-01-18T00:56:26.373434+09:00,debug-AM04,Proposed,R,5,286,undo,{'removed_word': 'yes'},1768665386327
2026-01-18T00:56:31.852314+09:00,debug-AM04,Proposed,R,5,286,keydown,"{'key': 'u', 'code': 'KeyU'}",1768665387629
2026-01-18T00:56:31.852343+09:00,debug-AM04,Proposed,R,5,286,prediction_update,"{'count': 6, 'top': 'm'}",1768665387675
2026-01-18T00:56:31.852351+09:00,debug-AM04,Proposed,R,5,286,keydown,"{'key': 'd', 'code': 'KeyD'}",1768665388427
2026-01-18T00:56:31.852357+09:00,debug-AM04,Proposed,R,5,286,prediction_update,"{'count': 10, 'top': 'he'}",1768665388456
2026-01-18T00:56:31.852362+09:00,debug-AM04,Proposed,R,5,286,keydown,"{'key': 's', 'code': 'KeyS'}",1768665388592
2026-01-18T00:56:31.852368+09:00,debug-AM04,Proposed,R,5,286,prediction_update,"{'count': 10, 'top': 'yes'}",1768665388624
2026-01-18T00:56:31.852373+09:00,debug-AM04,Proposed,R,5,286,keydown,"{'key': ' ', 'code': 'Space'}",1768665391265
2026-01-18T00:56:31.852378+09:00,debug-AM04,Proposed,R,5,286,nav,"{'direction': 1, 'new_index': 1}",1768665391265
2026-01-18T00:56:31.852384+09:00,debug-AM04,Proposed,R,5,286,keydown,"{'key': 'Enter', 'code': 'Enter'}",1768665391830
2026-01-18T00:56:31.852389+09:00,debug-AM04,Proposed,R,5,286,confirm,{'word': 'new'},1768665391830
2026-01-18T00:56:37.900284+09:00,debug-AM04,Proposed,R,5,286,keydown,"{'key': 'd', 'code': 'KeyD'}",1768665392761
2026-01-18T00:56:37.900317+09:00,debug-AM04,Proposed,R,5,286,prediction_update,"{'count': 3, 'top': 'c'}",1768665392806
2026-01-18T00:56:37.900324+09:00,debug-AM04,Proposed,R,5,286,keydown,"{'key': 'o', 'code': 'KeyO'}",1768665393374
2026-01-18T00:56:37.900330+09:00,debug-AM04,Proposed,R,5,286,prediction_update,"{'count': 6, 'top': 'do'}",1768665393402
2026-01-18T00:56:37.900336+09:00,debug-AM04,Proposed,R,5,286,keydown,"{'key': 'd', 'code': 'KeyD'}",1768665393511
2026-01-18T00:56:37.900342+09:00,debug-AM04,Proposed,R,5,286,prediction_update,"{'count': 10, 'top': 'doc'}",1768665393539
2026-01-18T00:56:37.900348+09:00,debug-AM04,Proposed,R,5,286,keydown,"{'key': 'd', 'code': 'KeyD'}",1768665393828
2026-01-18T00:56:37.900353+09:00,debug-AM04,Proposed,R,5,286,prediction_update,"{'count': 10, 'top': 'code'}",1768665393854
2026-01-18T00:56:37.900358+09:00,debug-AM04,Proposed,R,5,286,keydown,"{'key': 'f', 'code': 'KeyF'}",1768665394171
2026-01-18T00:56:37.900364+09:00,debug-AM04,Proposed,R,5,286,prediction_update,"{'count': 10, 'top': 'elder'}",1768665394199
2026-01-18T00:56:37.900369+09:00,debug-AM04,Proposed,R,5,286,keydown,"{'key': 'f', 'code': 'KeyF'}",1768665394548
2026-01-18T00:56:37.900374+09:00,debug-AM04,Proposed,R,5,286,prediction_update,"{'count': 10, 'top': 'electr'}",1768665394579
2026-01-18T00:56:37.900407+09:00,debug-AM04,Proposed,R,5,286,keydown,"{'key': 'i', 'code': 'KeyI'}",1768665395039
2026-01-18T00:56:37.900417+09:00,debug-AM04,Proposed,R,5,286,prediction_update,"{'count': 10, 'top': 'electri'}",1768665395075
2026-01-18T00:56:37.900423+09:00,debug-AM04,Proposed,R,5,286,keydown,"{'key': 'd', 'code': 'KeyD'}",1768665395461
2026-01-18T00:56:37.900429+09:00,debug-AM04,Proposed,R,5,286,prediction_update,"{'count': 10, 'top': 'electric'}",1768665395504
2026-01-18T00:56:37.900434+09:00,debug-AM04,Proposed,R,5,286,keydown,"{'key': 'a', 'code': 'KeyA'}",1768665395807
2026-01-18T00:56:37.900440+09:00,debug-AM04,Proposed,R,5,286,prediction_update,"{'count': 10, 'top': 'electrica'}",1768665395891
2026-01-18T00:56:37.900446+09:00,debug-AM04,Proposed,R,5,286,keydown,"{'key': 'o', 'code': 'KeyO'}",1768665396104
2026-01-18T00:56:37.900451+09:00,debug-AM04,Proposed,R,5,286,prediction_update,"{'count': 10, 'top': 'electrical'}",1768665396205
2026-01-18T00:56:37.900455+09:00,debug-AM04,Proposed,R,5,286,keydown,"{'key': 'Enter', 'code': 'Enter'}",1768665397919
2026-01-18T00:56:37.900461+09:00,debug-AM04,Proposed,R,5,286,confirm,{'word': 'electrical'},1768665397919
2026-01-18T00:56:39.276733+09:00,debug-AM04,Proposed,R,5,286,keydown,"{'key': 'p', 'code': 'KeyP'}",1768665398235
2026-01-18T00:56:39.276758+09:00,debug-AM04,Proposed,R,5,286,prediction_update,"{'count': 1, 'top': 'p'}",1768665398276
2026-01-18T00:56:39.276765+09:00,debug-AM04,Proposed,R,5,286,keydown,"{'key': 'a', 'code': 'KeyA'}",1768665398492
2026-01-18T00:56:39.276771+09:00,debug-AM04,Proposed,R,5,286,prediction_update,"{'count': 3, 'top': 'pa'}",1768665398518
2026-01-18T00:56:39.276776+09:00,debug-AM04,Proposed,R,5,286,keydown,"{'key': 'u', 'code': 'KeyU'}",1768665398759
2026-01-18T00:56:39.276782+09:00,debug-AM04,Proposed,R,5,286,prediction_update,"{'count': 10, 'top': 'pan'}",1768665398816
2026-01-18T00:56:39.276787+09:00,debug-AM04,Proposed,R,5,286,keydown,"{'key': 'd', 'code': 'KeyD'}",1768665398882
2026-01-18T00:56:39.276792+09:00,debug-AM04,Proposed,R,5,286,prediction_update,"{'count': 10, 'top': 'pane'}",1768665398961
2026-01-18T00:56:39.276796+09:00,debug-AM04,Proposed,R,5,286,keydown,"{'key': 'Enter', 'code': 'Enter'}",1768665399254
2026-01-18T00:56:39.276802+09:00,debug-AM04,Proposed,R,5,286,confirm,{'word': 'pane'},1768665399254
2026-01-18T00:56:41.042341+09:00,debug-AM04,Proposed,R,5,286,keydown,"{'key': 'Backspace', 'code': 'Backspace'}",1768665401085
2026-01-18T00:56:41.042361+09:00,debug-AM04,Proposed,R,5,286,undo,{'removed_word': 'pane'},1768665401085
2026-01-18T00:56:44.464944+09:00,debug-AM04,Proposed,R,5,286,keydown,"{'key': 'p', 'code': 'KeyP'}",1768665402000
2026-01-18T00:56:44.464973+09:00,debug-AM04,Proposed,R,5,286,prediction_update,"{'count': 1, 'top': 'p'}",1768665402046
2026-01-18T00:56:44.464980+09:00,debug-AM04,Proposed,R,5,286,keydown,"{'key': 'a', 'code': 'KeyA'}",1768665402257
2026-01-18T00:56:44.464986+09:00,debug-AM04,Proposed,R,5,286,prediction_update,"{'count': 3, 'top': 'pa'}",1768665402284
2026-01-18T00:56:44.464992+09:00,debug-AM04,Proposed,R,5,286,keydown,"{'key': 'u', 'code': 'KeyU'}",1768665402569
2026-01-18T00:56:44.464998+09:00,debug-AM04,Proposed,R,5,286,prediction_update,"{'count': 10, 'top': 'pan'}",1768665402595
2026-01-18T00:56:44.465003+09:00,debug-AM04,Proposed,R,5,286,keydown,"{'key': 'd', 'code': 'KeyD'}",1768665402707
2026-01-18T00:56:44.465008+09:00,debug-AM04,Proposed,R,5,286,prediction_update,"{'count': 10, 'top': 'pane'}",1768665402749
2026-01-18T00:56:44.465014+09:00,debug-AM04,Proposed,R,5,286,keydown,"{'key': 'o', 'code': 'KeyO'}",1768665403109
2026-01-18T00:56:44.465019+09:00,debug-AM04,Proposed,R,5,286,prediction_update,"{'count': 10, 'top': 'panel'}",1768665403137
2026-01-18T00:56:44.465024+09:00,debug-AM04,Proposed,R,5,286,keydown,"{'key': 'Enter', 'code': 'Enter'}",1768665404476
2026-01-18T00:56:44.465029+09:00,debug-AM04,Proposed,R,5,286,confirm,{'word': 'panel'},1768665404476
2026-01-18T00:56:46.572980+09:00,debug-AM04,Proposed,R,6,286,system,phrase_completed,1768665404537
2026-01-18T00:56:46.573006+09:00,debug-AM04,Proposed,R,6,286,system,next_phrase_clicked,1768665406550
